,CN6,Date,CN6_Full_code_0-0,CN6_Full_code_1-1,CN6_Full_code_0-1_proper,CN6_Full_code_0-1_deltaT_proper,CN6_Full_code_0-1_date_firstpartial,CN6_Full_code_0-1_date_firstfull
0,845690,2022-02-25,False,False,True,661.0,2022-02-25,2023-12-18
1,901490,2022-02-25,False,False,True,365.0,2022-02-25,2023-02-25
2,901480,2022-02-25,False,False,True,365.0,2022-02-25,2023-02-25
3,901420,2022-02-25,False,False,True,365.0,2022-02-25,2023-02-25
4,901410,2022-02-25,False,False,True,365.0,2022-02-25,2023-02-25
5,901380,2022-02-25,False,False,True,365.0,2022-02-25,2023-02-25
6,901320,2022-02-25,False,False,True,661.0,2022-02-25,2023-12-18
7,282612,2022-02-25,True,False,False,,,
8,901510,2022-02-25,False,False,True,42.0,2022-02-25,2022-04-08
9,282619,2022-02-25,True,False,False,,,
10,901120,2022-02-25,True,False,False,,,
11,851419,2022-02-25,True,False,False,,,
12,900630,2022-02-25,False,False,True,223.0,2022-02-25,2022-10-06
13,900220,2022-02-25,True,False,False,,,
14,890800,2022-02-25,True,False,False,,,
15,890690,2022-02-25,True,False,False,,,
16,890610,2022-02-25,True,False,False,,,
17,851411,2022-02-25,False,False,True,365.0,2022-02-25,2023-02-25
18,901580,2022-02-25,False,False,True,42.0,2022-02-25,2022-04-08
19,392010,2022-02-25,False,False,True,116.0,2022-02-25,2022-06-21
20,902000,2022-02-25,True,False,False,,,
21,903084,2022-02-25,False,False,True,661.0,2022-02-25,2023-12-18
22,903082,2022-02-25,False,False,True,365.0,2022-02-25,2023-02-25
23,903040,2022-02-25,False,False,True,365.0,2022-02-25,2023-02-25
24,903039,2022-02-25,False,False,True,365.0,2022-02-25,2023-02-25
25,903033,2022-02-25,False,False,True,661.0,2022-02-25,2023-12-18
26,903032,2022-02-25,False,False,True,365.0,2022-02-25,2023-02-25
27,903031,2022-02-25,False,False,True,661.0,2022-02-25,2023-12-18
28,903020,2022-02-25,False,False,True,483.0,2022-02-25,2023-06-23
29,903010,2022-02-25,False,False,True,661.0,2022-02-25,2023-12-18
30,902920,2022-02-25,False,False,True,365.0,2022-02-25,2023-02-25
31,902789,2022-02-25,False,False,True,365.0,2022-02-25,2023-02-25
32,902781,2022-02-25,False,False,True,365.0,2022-02-25,2023-02-25
33,902730,2022-02-25,False,False,True,661.0,2022-02-25,2023-12-18
34,902290,2022-02-25,True,False,False,,,
35,902230,2022-02-25,True,False,False,,,
36,902229,2022-02-25,True,False,False,,,
37,902219,2022-02-25,True,False,False,,,
38,890590,2022-02-25,False,False,True,661.0,2022-02-25,2023-12-18
39,890510,2022-02-25,False,False,True,661.0,2022-02-25,2023-12-18
40,890400,2022-02-25,False,False,True,661.0,2022-02-25,2023-12-18
41,890399,2022-02-25,False,False,True,483.0,2022-02-25,2023-06-23
42,846420,2022-02-25,False,False,True,365.0,2022-02-25,2023-02-25
43,852582,2022-02-25,False,False,True,365.0,2022-02-25,2023-02-25
44,852583,2022-02-25,False,False,True,365.0,2022-02-25,2023-02-25
45,852610,2022-02-25,False,False,True,365.0,2022-02-25,2023-02-25
46,852691,2022-02-25,False,False,True,294.0,2022-02-25,2022-12-16
47,870195,2022-02-25,True,False,False,,,
48,852910,2022-02-25,False,False,True,365.0,2022-02-25,2023-02-25
49,853670,2022-02-25,True,False,False,,,
50,854370,2022-02-25,True,False,False,,,
51,854330,2022-02-25,False,False,True,365.0,2022-02-25,2023-02-25
52,854239,2022-02-25,False,False,True,223.0,2022-02-25,2022-10-06
53,854232,2022-02-25,False,False,True,223.0,2022-02-25,2022-10-06
54,854231,2022-02-25,False,False,True,223.0,2022-02-25,2022-10-06
55,854160,2022-02-25,False,False,True,294.0,2022-02-25,2022-12-16
56,854143,2022-02-25,False,False,True,365.0,2022-02-25,2023-02-25
57,854142,2022-02-25,False,False,True,365.0,2022-02-25,2023-02-25
58,854079,2022-02-25,False,False,True,42.0,2022-02-25,2022-04-08
59,851779,2022-02-25,False,False,True,223.0,2022-02-25,2022-10-06
60,903089,2022-02-25,False,False,True,365.0,2022-02-25,2023-02-25
61,851771,2022-02-25,False,False,True,223.0,2022-02-25,2022-10-06
62,851762,2022-02-25,False,False,True,483.0,2022-02-25,2023-06-23
63,890393,2022-02-25,False,False,True,483.0,2022-02-25,2023-06-23
64,890333,2022-02-25,False,False,True,483.0,2022-02-25,2023-06-23
65,890332,2022-02-25,False,False,True,483.0,2022-02-25,2023-06-23
66,890331,2022-02-25,False,False,True,483.0,2022-02-25,2023-06-23
67,890323,2022-02-25,False,False,True,483.0,2022-02-25,2023-06-23
68,890322,2022-02-25,False,False,True,483.0,2022-02-25,2023-06-23
69,890321,2022-02-25,False,False,True,483.0,2022-02-25,2023-06-23
70,890200,2022-02-25,True,False,False,,,
71,890190,2022-02-25,True,False,False,,,
72,890130,2022-02-25,True,False,False,,,
73,890120,2022-02-25,True,False,False,,,
74,890110,2022-02-25,True,False,False,,,
75,88,2022-02-25,False,True,False,,,
76,851713,2022-02-25,True,False,False,,,
77,851714,2022-02-25,True,False,False,,,
78,700220,2022-02-25,False,False,True,42.0,2022-02-25,2022-04-08
79,851761,2022-02-25,False,False,True,294.0,2022-02-25,2022-12-16
80,851769,2022-02-25,False,False,True,483.0,2022-02-25,2023-06-23
81,903090,2022-02-25,False,False,True,661.0,2022-02-25,2023-12-18
82,902720,2022-02-25,False,False,True,661.0,2022-02-25,2023-12-18
83,903141,2022-02-25,False,False,True,483.0,2022-02-25,2023-06-23
84,848620,2022-02-25,False,False,True,365.0,2022-02-25,2023-02-25
85,940542,2022-02-25,True,False,False,,,
86,848610,2022-02-25,False,False,True,365.0,2022-02-25,2023-02-25
87,841440,2022-02-25,True,False,False,,,
88,950629,2022-02-25,True,False,False,,,
89,841940,2022-02-25,False,False,True,365.0,2022-02-25,2023-02-25
90,841989,2022-02-25,False,False,True,365.0,2022-02-25,2023-02-25
91,903120,2022-02-25,False,False,True,42.0,2022-02-25,2022-04-08
92,842139,2022-02-25,False,False,True,365.0,2022-02-25,2023-02-25
93,370500,2022-02-25,False,False,True,42.0,2022-02-25,2022-04-08
94,842199,2022-02-25,False,False,True,365.0,2022-02-25,2023-02-25
95,370199,2022-02-25,True,False,False,,,
96,847510,2022-02-25,False,False,True,483.0,2022-02-25,2023-06-23
97,847480,2022-02-25,False,False,True,42.0,2022-02-25,2022-04-08
98,847439,2022-02-25,False,False,True,42.0,2022-02-25,2022-04-08
99,847180,2022-02-25,False,False,True,294.0,2022-02-25,2022-12-16
100,847150,2022-02-25,False,False,True,294.0,2022-02-25,2022-12-16
101,847149,2022-02-25,False,False,True,294.0,2022-02-25,2022-12-16
102,847141,2022-02-25,False,False,True,294.0,2022-02-25,2022-12-16
103,847130,2022-02-25,False,False,True,294.0,2022-02-25,2022-12-16
104,846693,2022-02-25,False,False,True,365.0,2022-02-25,2023-02-25
105,846620,2022-02-25,False,False,True,365.0,2022-02-25,2023-02-25
106,846610,2022-02-25,False,False,True,42.0,2022-02-25,2022-04-08
107,841191,2022-02-25,False,False,True,365.0,2022-02-25,2023-02-25
108,841122,2022-02-25,False,False,True,365.0,2022-02-25,2023-02-25
109,847989,2022-02-25,False,False,True,365.0,2022-02-25,2023-02-25
110,848690,2022-02-25,False,False,True,365.0,2022-02-25,2023-02-25
111,903149,2022-02-25,False,False,True,483.0,2022-02-25,2023-06-23
112,903180,2022-02-25,False,False,True,483.0,2022-02-25,2023-06-23
113,850760,2022-02-25,False,False,True,661.0,2022-02-25,2023-12-18
114,840610,2022-02-25,False,False,True,483.0,2022-02-25,2023-06-23
115,850650,2022-02-25,False,False,True,661.0,2022-02-25,2023-12-18
116,850590,2022-02-25,False,False,True,365.0,2022-02-25,2023-02-25
117,840721,2022-02-25,False,False,True,365.0,2022-02-25,2023-02-25
118,850440,2022-02-25,False,False,True,662.0,2022-02-25,2023-12-19
119,840729,2022-02-25,False,False,True,365.0,2022-02-25,2023-02-25
120,840810,2022-02-25,False,False,True,365.0,2022-02-25,2023-02-25
121,840820,2022-02-25,False,False,True,365.0,2022-02-25,2023-02-25
122,850450,2022-02-25,False,False,True,728.0,2022-02-25,2024-02-23
123,854089,2022-02-25,False,False,True,42.0,2022-02-25,2022-04-08
124,841121,2022-02-25,False,False,True,365.0,2022-02-25,2023-02-25
125,841112,2022-02-25,False,False,True,365.0,2022-02-25,2023-02-25
126,841111,2022-02-25,False,False,True,365.0,2022-02-25,2023-02-25
127,852560,2022-03-09,False,False,True,471.0,2022-03-09,2023-06-23
128,852990,2022-03-09,False,False,True,471.0,2022-03-09,2023-06-23
129,330400,2022-03-15,True,False,False,,,
130,730519,2022-03-15,False,True,False,,,
131,730520,2022-03-15,False,True,False,,,
132,330500,2022-03-15,True,False,False,,,
133,730611,2022-03-15,False,True,False,,,
134,840700,2022-03-15,True,False,False,,,
135,841350,2022-03-15,False,True,False,,,
136,730619,2022-03-15,False,True,False,,,
137,730621,2022-03-15,False,True,False,,,
138,841360,2022-03-15,False,True,False,,,
139,730629,2022-03-15,False,True,False,,,
140,841100,2022-03-15,True,False,False,,,
141,730512,2022-03-15,False,True,False,,,
142,730429,2022-03-15,False,True,False,,,
143,330700,2022-03-15,True,False,False,,,
144,845210,2022-03-15,True,False,False,,,
145,845121,2022-03-15,True,False,False,,,
146,845019,2022-03-15,True,False,False,,,
147,711600,2022-03-15,True,False,False,,,
148,845012,2022-03-15,True,False,False,,,
149,821500,2022-03-15,True,False,False,,,
150,711810,2022-03-15,True,False,False,,,
151,845011,2022-03-15,True,False,False,,,
152,844339,2022-03-15,True,False,False,,,
153,711890,2022-03-15,True,False,False,,,
154,3303,2022-03-15,True,False,False,,,
155,730411,2022-03-15,False,True,False,,,
156,730419,2022-03-15,False,True,False,,,
157,730422,2022-03-15,False,True,False,,,
158,730423,2022-03-15,False,True,False,,,
159,730511,2022-03-15,False,True,False,,,
160,841451,2022-03-15,True,False,False,,,
161,841459,2022-03-15,True,False,False,,,
162,844312,2022-03-15,True,False,False,,,
163,820713,2022-03-15,False,True,False,,,
164,841840,2022-03-15,True,False,False,,,
165,841830,2022-03-15,True,False,False,,,
166,420200,2022-03-15,True,False,False,,,
167,840900,2022-03-15,True,False,False,,,
168,841829,2022-03-15,True,False,False,,,
169,841821,2022-03-15,True,False,False,,,
170,841810,2022-03-15,True,False,False,,,
171,841510,2022-03-15,True,False,False,,,
172,420100,2022-03-15,True,False,False,,,
173,401590,2022-03-15,True,False,False,,,
174,401519,2022-03-15,True,False,False,,,
175,401190,2022-03-15,True,False,False,,,
176,841460,2022-03-15,True,False,False,,,
177,401140,2022-03-15,True,False,False,,,
178,841981,2022-03-15,True,False,False,,,
179,820719,2022-03-15,False,False,True,643.0,2022-03-15,2023-12-18
180,711500,2022-03-15,True,False,False,,,
181,841392,2022-03-15,False,True,False,,,
182,843149,2022-03-15,False,False,True,347.0,2022-03-15,2023-02-25
183,843143,2022-03-15,True,False,False,,,
184,430300,2022-03-15,True,False,False,,,
185,401120,2022-03-15,False,False,True,465.0,2022-03-15,2023-06-23
186,401110,2022-03-15,True,False,False,,,
187,420500,2022-03-15,True,False,False,,,
188,401130,2022-03-15,False,False,True,205.0,2022-03-15,2022-10-06
189,844331,2022-03-15,True,False,False,,,
190,843139,2022-03-15,False,False,True,347.0,2022-03-15,2023-02-25
191,821400,2022-03-15,True,False,False,,,
192,611300,2022-03-15,True,False,False,,,
193,842310,2022-03-15,True,False,False,,,
194,420300,2022-03-15,True,False,False,,,
195,842211,2022-03-15,True,False,False,,,
196,841382,2022-03-15,False,True,False,,,
197,840800,2022-03-15,False,False,True,347.0,2022-03-15,2023-02-25
198,843049,2022-03-15,False,True,False,,,
199,844332,2022-03-15,True,False,False,,,
200,010121,2022-03-15,True,False,False,,,
201,711300,2022-03-15,True,False,False,,,
202,621020,2022-03-15,True,False,False,,,
203,621030,2022-03-15,True,False,False,,,
204,621040,2022-03-15,True,False,False,,,
205,621050,2022-03-15,True,False,False,,,
206,621111,2022-03-15,True,False,False,,,
207,621112,2022-03-15,True,False,False,,,
208,621120,2022-03-15,True,False,False,,,
209,580500,2022-03-15,True,False,False,,,
210,621132,2022-03-15,True,False,False,,,
211,621133,2022-03-15,True,False,False,,,
212,621139,2022-03-15,True,False,False,,,
213,570500,2022-03-15,True,False,False,,,
214,570400,2022-03-15,True,False,False,,,
215,621010,2022-03-15,True,False,False,,,
216,570300,2022-03-15,True,False,False,,,
217,570292,2022-03-15,True,False,False,,,
218,570291,2022-03-15,True,False,False,,,
219,570250,2022-03-15,True,False,False,,,
220,570242,2022-03-15,True,False,False,,,
221,570241,2022-03-15,True,False,False,,,
222,570239,2022-03-15,True,False,False,,,
223,570232,2022-03-15,True,False,False,,,
224,570231,2022-03-15,True,False,False,,,
225,570220,2022-03-15,True,False,False,,,
226,570210,2022-03-15,True,False,False,,,
227,570100,2022-03-15,True,False,False,,,
228,621142,2022-03-15,True,False,False,,,
229,621143,2022-03-15,True,False,False,,,
230,570299,2022-03-15,True,False,False,,,
231,621149,2022-03-15,True,False,False,,,
232,620900,2022-03-15,True,False,False,,,
233,620700,2022-03-15,True,False,False,,,
234,611249,2022-03-15,True,False,False,,,
235,611241,2022-03-15,True,False,False,,,
236,611239,2022-03-15,True,False,False,,,
237,611231,2022-03-15,True,False,False,,,
238,611220,2022-03-15,True,False,False,,,
239,611219,2022-03-15,True,False,False,,,
240,611212,2022-03-15,True,False,False,,,
241,611211,2022-03-15,True,False,False,,,
242,611100,2022-03-15,True,False,False,,,
243,611000,2022-03-15,True,False,False,,,
244,610900,2022-03-15,True,False,False,,,
245,610800,2022-03-15,True,False,False,,,
246,610700,2022-03-15,True,False,False,,,
247,620800,2022-03-15,True,False,False,,,
248,610600,2022-03-15,True,False,False,,,
249,610400,2022-03-15,True,False,False,,,
250,610300,2022-03-15,True,False,False,,,
251,610200,2022-03-15,True,False,False,,,
252,610100,2022-03-15,True,False,False,,,
253,611500,2022-03-15,True,False,False,,,
254,611600,2022-03-15,True,False,False,,,
255,611700,2022-03-15,True,False,False,,,
256,620100,2022-03-15,True,False,False,,,
257,620200,2022-03-15,True,False,False,,,
258,620300,2022-03-15,True,False,False,,,
259,620400,2022-03-15,True,False,False,,,
260,620500,2022-03-15,True,False,False,,,
261,620600,2022-03-15,True,False,False,,,
262,610500,2022-03-15,True,False,False,,,
263,621200,2022-03-15,True,False,False,,,
264,621300,2022-03-15,True,False,False,,,
265,621400,2022-03-15,True,False,False,,,
266,700910,2022-03-15,True,False,False,,,
267,700991,2022-03-15,True,False,False,,,
268,700992,2022-03-15,True,False,False,,,
269,701000,2022-03-15,True,False,False,,,
270,701322,2022-03-15,True,False,False,,,
271,701341,2022-03-15,True,False,False,,,
272,701391,2022-03-15,True,False,False,,,
273,701810,2022-03-15,True,False,False,,,
274,701890,2022-03-15,True,False,False,,,
275,702000,2022-03-15,True,False,False,,,
276,710100,2022-03-15,True,False,False,,,
277,710200,2022-03-15,True,False,False,,,
278,710300,2022-03-15,True,False,False,,,
279,490700,2022-03-15,True,False,False,,,
280,710491,2022-03-15,True,False,False,,,
281,710600,2022-03-15,True,False,False,,,
282,710700,2022-03-15,True,False,False,,,
283,710800,2022-03-15,True,False,False,,,
284,710900,2022-03-15,True,False,False,,,
285,711011,2022-03-15,True,False,False,,,
286,711019,2022-03-15,True,False,False,,,
287,711021,2022-03-15,True,False,False,,,
288,711029,2022-03-15,True,False,False,,,
289,711031,2022-03-15,True,False,False,,,
290,711039,2022-03-15,True,False,False,,,
291,711041,2022-03-15,True,False,False,,,
292,711049,2022-03-15,True,False,False,,,
293,711100,2022-03-15,True,False,False,,,
294,710500,2022-03-15,True,False,False,,,
295,691490,2022-03-15,True,False,False,,,
296,691410,2022-03-15,True,False,False,,,
297,691200,2022-03-15,True,False,False,,,
298,621500,2022-03-15,True,False,False,,,
299,621600,2022-03-15,True,False,False,,,
300,621700,2022-03-15,True,False,False,,,
301,640100,2022-03-15,True,False,False,,,
302,640212,2022-03-15,True,False,False,,,
303,640219,2022-03-15,True,False,False,,,
304,640220,2022-03-15,True,False,False,,,
305,640291,2022-03-15,True,False,False,,,
306,640299,2022-03-15,True,False,False,,,
307,640312,2022-03-15,True,False,False,,,
308,640319,2022-03-15,True,False,False,,,
309,640320,2022-03-15,True,False,False,,,
310,640340,2022-03-15,True,False,False,,,
311,640351,2022-03-15,True,False,False,,,
312,640359,2022-03-15,True,False,False,,,
313,640391,2022-03-15,True,False,False,,,
314,640399,2022-03-15,True,False,False,,,
315,640411,2022-03-15,True,False,False,,,
316,640419,2022-03-15,True,False,False,,,
317,640420,2022-03-15,True,False,False,,,
318,640500,2022-03-15,True,False,False,,,
319,650400,2022-03-15,True,False,False,,,
320,650500,2022-03-15,True,False,False,,,
321,650699,2022-03-15,True,False,False,,,
322,660191,2022-03-15,True,False,False,,,
323,660199,2022-03-15,True,False,False,,,
324,660200,2022-03-15,True,False,False,,,
325,670400,2022-03-15,True,False,False,,,
326,691100,2022-03-15,True,False,False,,,
327,711400,2022-03-15,True,False,False,,,
328,701333,2022-03-15,True,False,False,,,
329,842860,2022-03-15,True,False,False,,,
330,611400,2022-03-15,True,False,False,,,
331,851672,2022-03-15,True,False,False,,,
332,848300,2022-03-15,False,False,True,347.0,2022-03-15,2023-02-25
333,851679,2022-03-15,True,False,False,,,
334,900600,2022-03-15,True,False,False,,,
335,900700,2022-03-15,False,False,True,465.0,2022-03-15,2023-06-23
336,851711,2022-03-15,True,False,False,,,
337,851718,2022-03-15,True,False,False,,,
338,910200,2022-03-15,True,False,False,,,
339,910300,2022-03-15,True,False,False,,,
340,910400,2022-03-15,True,False,False,,,
341,910500,2022-03-15,True,False,False,,,
342,910800,2022-03-15,True,False,False,,,
343,900490,2022-03-15,True,False,False,,,
344,910900,2022-03-15,True,False,False,,,
345,911100,2022-03-15,True,False,False,,,
346,911200,2022-03-15,True,False,False,,,
347,847960,2022-03-15,True,False,False,,,
348,911300,2022-03-15,True,False,False,,,
349,911400,2022-03-15,True,False,False,,,
350,920100,2022-03-15,True,False,False,,,
351,920200,2022-03-15,True,False,False,,,
352,920500,2022-03-15,True,False,False,,,
353,920600,2022-03-15,True,False,False,,,
354,920700,2022-03-15,True,False,False,,,
355,930700,2022-03-15,True,False,False,,,
356,851900,2022-03-15,True,False,False,,,
357,911000,2022-03-15,True,False,False,,,
358,890520,2022-03-15,False,True,False,,,
359,890300,2022-03-15,False,False,True,465.0,2022-03-15,2023-06-23
360,851671,2022-03-15,True,False,False,,,
361,860500,2022-03-15,True,False,False,,,
362,851100,2022-03-15,False,False,True,347.0,2022-03-15,2023-02-25
363,860300,2022-03-15,True,False,False,,,
364,870200,2022-03-15,True,False,False,,,
365,870300,2022-03-15,True,False,False,,,
366,854430,2022-03-15,False,False,True,347.0,2022-03-15,2023-02-25
367,870520,2022-03-15,False,True,False,,,
368,870600,2022-03-15,True,False,False,,,
369,870700,2022-03-15,True,False,False,,,
370,850980,2022-03-15,True,False,False,,,
371,850860,2022-03-15,True,False,False,,,
372,870800,2022-03-15,True,False,False,,,
373,871100,2022-03-15,True,False,False,,,
374,871200,2022-03-15,True,False,False,,,
375,850819,2022-03-15,True,False,False,,,
376,850811,2022-03-15,True,False,False,,,
377,871400,2022-03-15,True,False,False,,,
378,871610,2022-03-15,True,False,False,,,
379,871640,2022-03-15,True,False,False,,,
380,871690,2022-03-15,False,False,True,347.0,2022-03-15,2023-02-25
381,853110,2022-03-15,True,False,False,,,
382,851220,2022-03-15,False,False,True,347.0,2022-03-15,2023-02-25
383,851230,2022-03-15,True,False,False,,,
384,851240,2022-03-15,True,False,False,,,
385,851631,2022-03-15,True,False,False,,,
386,851650,2022-03-15,True,False,False,,,
387,851660,2022-03-15,True,False,False,,,
388,852100,2022-03-15,True,False,False,,,
389,940550,2022-03-15,True,False,False,,,
390,910100,2022-03-15,True,False,False,,,
391,220421,2022-03-15,True,False,False,,,
392,847029,2022-03-15,True,False,False,,,
393,847021,2022-03-15,True,False,False,,,
394,240210,2022-03-15,True,False,False,,,
395,220800,2022-03-15,True,False,False,,,
396,220710,2022-03-15,True,False,False,,,
397,220600,2022-03-15,True,False,False,,,
398,220500,2022-03-15,True,False,False,,,
399,220429,2022-03-15,True,False,False,,,
400,940591,2022-03-15,True,False,False,,,
401,220410,2022-03-15,True,False,False,,,
402,847010,2022-03-15,True,False,False,,,
403,220300,2022-03-15,True,False,False,,,
404,210600,2022-03-15,True,False,False,,,
405,210420,2022-03-15,True,False,False,,,
406,210410,2022-03-15,True,False,False,,,
407,210390,2022-03-15,True,False,False,,,
408,200390,2022-03-15,True,False,False,,,
409,010129,2022-03-15,True,False,False,,,
410,9700,2022-03-15,True,False,False,,,
411,961900,2022-03-15,True,False,False,,,
412,852872,2022-03-15,True,False,False,,,
413,852871,2022-03-15,True,False,False,,,
414,960500,2022-03-15,True,False,False,,,
415,847030,2022-03-15,True,False,False,,,
416,950700,2022-03-15,True,False,False,,,
417,071080,2022-03-15,True,False,False,,,
418,071159,2022-03-15,True,False,False,,,
419,071239,2022-03-15,True,False,False,,,
420,160431,2022-03-15,True,False,False,,,
421,160432,2022-03-15,True,False,False,,,
422,200190,2022-03-15,True,False,False,,,
423,070956,2022-03-15,True,False,False,,,
424,847100,2022-03-15,True,False,False,,,
425,860700,2022-03-15,True,False,False,,,
426,950699,2022-03-15,True,False,False,,,
427,950639,2022-03-15,True,False,False,,,
428,240290,2022-03-15,True,False,False,,,
429,950651,2022-03-15,True,False,False,,,
430,950632,2022-03-15,True,False,False,,,
431,950631,2022-03-15,True,False,False,,,
432,950659,2022-03-15,True,False,False,,,
433,950661,2022-03-15,True,False,False,,,
434,950621,2022-03-15,True,False,False,,,
435,950619,2022-03-15,True,False,False,,,
436,950612,2022-03-15,True,False,False,,,
437,950669,2022-03-15,True,False,False,,,
438,950611,2022-03-15,True,False,False,,,
439,950670,2022-03-15,True,False,False,,,
440,950450,2022-03-15,True,False,False,,,
441,950490,2022-03-15,True,False,False,,,
442,950640,2022-03-15,True,False,False,,,
443,852700,2022-03-15,True,False,False,,,
444,847290,2022-03-15,True,False,False,,,
445,950440,2022-03-15,True,False,False,,,
446,950691,2022-03-15,True,False,False,,,
447,950430,2022-03-15,True,False,False,,,
448,950420,2022-03-15,True,False,False,,,
449,720521,2022-04-08,False,False,True,619.0,2022-04-08,2023-12-18
450,853590,2022-04-08,False,True,False,,,
451,720292,2022-04-08,False,True,False,,,
452,853530,2022-04-08,False,True,False,,,
453,860400,2022-04-08,False,True,False,,,
454,854099,2022-04-08,False,True,False,,,
455,854091,2022-04-08,False,True,False,,,
456,853329,2022-04-08,False,True,False,,,
457,854020,2022-04-08,False,True,False,,,
458,854790,2022-04-08,False,True,False,,,
459,854310,2022-04-08,False,True,False,,,
460,854159,2022-04-08,False,False,True,181.0,2022-04-08,2022-10-06
461,720712,2022-04-08,False,True,False,,,
462,854060,2022-04-08,False,True,False,,,
463,854081,2022-04-08,False,True,False,,,
464,860290,2022-04-08,False,True,False,,,
465,853941,2022-04-08,False,True,False,,,
466,720928,2022-04-08,False,True,False,,,
467,720890,2022-04-08,False,True,False,,,
468,722599,2022-04-08,False,True,False,,,
469,722691,2022-04-08,False,True,False,,,
470,722830,2022-04-08,False,True,False,,,
471,722860,2022-04-08,False,True,False,,,
472,722530,2022-04-08,False,True,False,,,
473,722870,2022-04-08,False,True,False,,,
474,722880,2022-04-08,False,True,False,,,
475,722519,2022-04-08,False,True,False,,,
476,722410,2022-04-08,False,True,False,,,
477,722230,2022-04-08,False,True,False,,,
478,721924,2022-04-08,False,True,False,,,
479,721891,2022-04-08,False,True,False,,,
480,722990,2022-04-08,False,True,False,,,
481,720825,2022-04-08,False,True,False,,,
482,721669,2022-04-08,False,True,False,,,
483,730120,2022-04-08,False,True,False,,,
484,860692,2022-04-08,False,True,False,,,
485,721622,2022-04-08,False,True,False,,,
486,721610,2022-04-08,False,True,False,,,
487,721550,2022-04-08,False,True,False,,,
488,721399,2022-04-08,False,True,False,,,
489,721260,2022-04-08,False,True,False,,,
490,721210,2022-04-08,False,True,False,,,
491,721129,2022-04-08,False,True,False,,,
492,721114,2022-04-08,False,True,False,,,
493,721113,2022-04-08,False,True,False,,,
494,721090,2022-04-08,False,True,False,,,
495,720925,2022-04-08,False,True,False,,,
496,721633,2022-04-08,False,True,False,,,
497,853540,2022-04-08,False,False,True,323.0,2022-04-08,2023-02-25
498,690510,2022-04-08,False,True,False,,,
499,870122,2022-04-08,False,True,False,,,
500,681182,2022-04-08,False,True,False,,,
501,681181,2022-04-08,False,True,False,,,
502,681091,2022-04-08,False,True,False,,,
503,680919,2022-04-08,False,True,False,,,
504,680790,2022-04-08,False,True,False,,,
505,680710,2022-04-08,False,True,False,,,
506,680690,2022-04-08,False,True,False,,,
507,680610,2022-04-08,False,True,False,,,
508,680423,2022-04-08,False,True,False,,,
509,680292,2022-04-08,False,True,False,,,
510,900510,2022-04-08,False,True,False,,,
511,900580,2022-04-08,False,False,True,323.0,2022-04-08,2023-02-25
512,901010,2022-04-08,False,True,False,,,
513,901210,2022-04-08,True,False,False,,,
514,901290,2022-04-08,True,False,False,,,
515,901310,2022-04-08,False,False,True,252.0,2022-04-08,2022-12-16
516,901540,2022-04-08,False,True,False,,,
517,961220,2022-04-08,False,True,False,,,
518,960891,2022-04-08,False,True,False,,,
519,960630,2022-04-08,False,True,False,,,
520,940690,2022-04-08,False,True,False,,,
521,940610,2022-04-08,False,True,False,,,
522,940330,2022-04-08,False,True,False,,,
523,681189,2022-04-08,False,True,False,,,
524,940120,2022-04-08,False,True,False,,,
525,630900,2022-04-08,False,True,False,,,
526,903281,2022-04-08,False,True,False,,,
527,902910,2022-04-08,False,True,False,,,
528,902710,2022-04-08,False,False,True,323.0,2022-04-08,2023-02-25
529,902620,2022-04-08,False,False,True,181.0,2022-04-08,2022-10-06
530,901590,2022-04-08,False,True,False,,,
531,940110,2022-04-08,False,True,False,,,
532,870121,2022-04-08,False,True,False,,,
533,681389,2022-04-08,False,True,False,,,
534,681511,2022-04-08,True,False,False,,,
535,870123,2022-04-08,False,True,False,,,
536,870124,2022-04-08,False,True,False,,,
537,870130,2022-04-08,False,True,False,,,
538,870410,2022-04-08,False,True,False,,,
539,870422,2022-04-08,False,True,False,,,
540,701913,2022-04-08,True,False,False,,,
541,701912,2022-04-08,True,False,False,,,
542,701911,2022-04-08,True,False,False,,,
543,870432,2022-04-08,False,True,False,,,
544,870530,2022-04-08,False,True,False,,,
545,870590,2022-04-08,False,True,False,,,
546,701110,2022-04-08,False,True,False,,,
547,870990,2022-04-08,False,True,False,,,
548,700729,2022-04-08,False,True,False,,,
549,700711,2022-04-08,False,True,False,,,
550,700530,2022-04-08,False,True,False,,,
551,700510,2022-04-08,False,True,False,,,
552,690100,2022-04-08,False,True,False,,,
553,690410,2022-04-08,False,True,False,,,
554,690590,2022-04-08,False,True,False,,,
555,690600,2022-04-08,False,True,False,,,
556,690722,2022-04-08,False,True,False,,,
557,690740,2022-04-08,False,True,False,,,
558,681490,2022-04-08,False,True,False,,,
559,690990,2022-04-08,False,True,False,,,
560,871620,2022-04-08,False,True,False,,,
561,700231,2022-04-08,False,True,False,,,
562,700232,2022-04-08,False,True,False,,,
563,700239,2022-04-08,False,True,False,,,
564,700330,2022-04-08,False,True,False,,,
565,700420,2022-04-08,False,True,False,,,
566,871639,2022-04-08,False,True,False,,,
567,730424,2022-04-08,False,True,False,,,
568,846130,2022-04-08,False,True,False,,,
569,853090,2022-04-08,False,True,False,,,
570,841899,2022-04-08,True,False,False,,,
571,841919,2022-04-08,False,True,False,,,
572,848030,2022-04-08,False,True,False,,,
573,841950,2022-04-08,False,False,True,323.0,2022-04-08,2023-02-25
574,841960,2022-04-08,True,False,False,,,
575,848020,2022-04-08,False,True,False,,,
576,847990,2022-04-08,False,True,False,,,
577,842099,2022-04-08,False,True,False,,,
578,842119,2022-04-08,False,True,False,,,
579,842191,2022-04-08,False,True,False,,,
580,841869,2022-04-08,True,False,False,,,
581,847950,2022-04-08,False,True,False,,,
582,847910,2022-04-08,False,True,False,,,
583,847751,2022-04-08,False,True,False,,,
584,842489,2022-04-08,False,True,False,,,
585,842490,2022-04-08,False,True,False,,,
586,842511,2022-04-08,False,True,False,,,
587,842612,2022-04-08,False,True,False,,,
588,842699,2022-04-08,False,True,False,,,
589,842820,2022-04-08,False,True,False,,,
590,842832,2022-04-08,False,True,False,,,
591,842833,2022-04-08,False,True,False,,,
592,847930,2022-04-08,False,True,False,,,
593,847740,2022-04-08,False,True,False,,,
594,848060,2022-04-08,False,True,False,,,
595,848120,2022-04-08,False,True,False,,,
596,841221,2022-04-08,False,True,False,,,
597,841229,2022-04-08,False,True,False,,,
598,841239,2022-04-08,False,True,False,,,
599,848580,2022-04-08,False,False,True,619.0,2022-04-08,2023-12-18
600,848520,2022-04-08,False,False,True,252.0,2022-04-08,2022-12-16
601,848510,2022-04-08,False,False,True,619.0,2022-04-08,2023-12-18
602,848490,2022-04-08,False,True,False,,,
603,841410,2022-04-08,False,False,True,323.0,2022-04-08,2023-02-25
604,841430,2022-04-08,True,False,False,,,
605,848420,2022-04-08,False,True,False,,,
606,848110,2022-04-08,False,True,False,,,
607,848410,2022-04-08,False,True,False,,,
608,841490,2022-04-08,False,True,False,,,
609,848291,2022-04-08,False,True,False,,,
610,841583,2022-04-08,False,True,False,,,
611,841610,2022-04-08,False,True,False,,,
612,841620,2022-04-08,False,True,False,,,
613,841630,2022-04-08,False,True,False,,,
614,841690,2022-04-08,False,True,False,,,
615,841720,2022-04-08,False,True,False,,,
616,848240,2022-04-08,False,True,False,,,
617,848140,2022-04-08,False,True,False,,,
618,848299,2022-04-08,False,True,False,,,
619,841210,2022-04-08,False,True,False,,,
620,842890,2022-04-08,False,True,False,,,
621,847590,2022-04-08,False,True,False,,,
622,844851,2022-04-08,False,True,False,,,
623,846692,2022-04-08,False,True,False,,,
624,846594,2022-04-08,False,True,False,,,
625,845110,2022-04-08,False,True,False,,,
626,846593,2022-04-08,False,True,False,,,
627,845129,2022-04-08,False,True,False,,,
628,845130,2022-04-08,False,True,False,,,
629,845190,2022-04-08,False,True,False,,,
630,846520,2022-04-08,False,True,False,,,
631,845310,2022-04-08,False,True,False,,,
632,844849,2022-04-08,False,True,False,,,
633,845380,2022-04-08,False,True,False,,,
634,845410,2022-04-08,False,True,False,,,
635,8456,2022-04-08,False,False,True,619.0,2022-04-08,2023-12-18
636,846190,2022-04-08,False,True,False,,,
637,8457,2022-04-08,False,False,True,441.0,2022-04-08,2023-06-23
638,8458,2022-04-08,False,False,True,323.0,2022-04-08,2023-02-25
639,8459,2022-04-08,False,False,True,441.0,2022-04-08,2023-06-23
640,845910,2022-04-08,False,True,False,,,
641,845970,2022-04-08,False,True,False,,,
642,8460,2022-04-08,False,False,True,323.0,2022-04-08,2023-02-25
643,846120,2022-04-08,False,True,False,,,
644,845390,2022-04-08,False,True,False,,,
645,842919,2022-04-08,False,True,False,,,
646,844842,2022-04-08,False,True,False,,,
647,844819,2022-04-08,False,True,False,,,
648,842959,2022-04-08,False,True,False,,,
649,843010,2022-04-08,False,True,False,,,
650,843039,2022-04-08,False,True,False,,,
651,847529,2022-04-08,False,True,False,,,
652,847521,2022-04-08,False,True,False,,,
653,847410,2022-04-08,False,True,False,,,
654,847330,2022-04-08,False,False,True,252.0,2022-04-08,2022-12-16
655,843910,2022-04-08,False,True,False,,,
656,843930,2022-04-08,False,True,False,,,
657,844090,2022-04-08,False,True,False,,,
658,844833,2022-04-08,False,True,False,,,
659,844130,2022-04-08,False,True,False,,,
660,847321,2022-04-08,False,True,False,,,
661,844313,2022-04-08,False,True,False,,,
662,844315,2022-04-08,False,True,False,,,
663,844316,2022-04-08,False,True,False,,,
664,844317,2022-04-08,False,True,False,,,
665,847230,2022-04-08,False,True,False,,,
666,847210,2022-04-08,False,True,False,,,
667,844391,2022-04-08,False,True,False,,,
668,844400,2022-04-08,False,True,False,,,
669,844811,2022-04-08,False,True,False,,,
670,844240,2022-04-08,False,True,False,,,
671,848630,2022-04-08,False,False,True,323.0,2022-04-08,2023-02-25
672,848640,2022-04-08,False,False,True,323.0,2022-04-08,2023-02-25
673,850133,2022-04-08,False,True,False,,,
674,750890,2022-04-08,False,True,False,,,
675,760310,2022-04-08,True,False,False,,,
676,760320,2022-04-08,True,False,False,,,
677,760519,2022-04-08,False,True,False,,,
678,760529,2022-04-08,False,True,False,,,
679,760692,2022-04-08,False,True,False,,,
680,760720,2022-04-08,False,True,False,,,
681,761100,2022-04-08,False,True,False,,,
682,761290,2022-04-08,False,True,False,,,
683,761300,2022-04-08,False,True,False,,,
684,750711,2022-04-08,False,True,False,,,
685,761610,2022-04-08,False,True,False,,,
686,780419,2022-04-08,False,True,False,,,
687,790310,2022-04-08,True,False,False,,,
688,790500,2022-04-08,False,True,False,,,
689,800120,2022-04-08,False,True,False,,,
690,800300,2022-04-08,False,True,False,,,
691,800700,2022-04-08,False,True,False,,,
692,810110,2022-04-08,False,True,False,,,
693,810210,2022-04-08,False,False,True,441.0,2022-04-08,2023-06-23
694,810297,2022-04-08,False,True,False,,,
695,810320,2022-04-08,True,False,False,,,
696,780411,2022-04-08,False,True,False,,,
697,810520,2022-04-08,True,False,False,,,
698,750610,2022-04-08,False,True,False,,,
699,750511,2022-04-08,False,True,False,,,
700,730539,2022-04-08,False,True,False,,,
701,852550,2022-04-08,False,True,False,,,
702,730650,2022-04-08,False,True,False,,,
703,730722,2022-04-08,False,True,False,,,
704,730900,2022-04-08,False,True,False,,,
705,731412,2022-04-08,False,True,False,,,
706,846140,2022-04-08,False,True,False,,,
707,732020,2022-04-08,False,True,False,,,
708,732290,2022-04-08,False,True,False,,,
709,732429,2022-04-08,False,True,False,,,
710,750521,2022-04-08,False,True,False,,,
711,740610,2022-04-08,True,False,False,,,
712,740710,2022-04-08,False,True,False,,,
713,740811,2022-04-08,False,True,False,,,
714,740819,2022-04-08,False,True,False,,,
715,740911,2022-04-08,False,True,False,,,
716,740919,2022-04-08,False,True,False,,,
717,740940,2022-04-08,False,True,False,,,
718,851431,2022-04-08,False,True,False,,,
719,741129,2022-04-08,False,True,False,,,
720,741521,2022-04-08,False,True,False,,,
721,750400,2022-04-08,True,False,False,,,
722,740620,2022-04-08,True,False,False,,,
723,810590,2022-04-08,False,True,False,,,
724,810610,2022-04-08,True,False,False,,,
725,810690,2022-04-08,True,False,False,,,
726,830710,2022-04-08,False,True,False,,,
727,830990,2022-04-08,False,True,False,,,
728,840212,2022-04-08,False,True,False,,,
729,840219,2022-04-08,False,True,False,,,
730,840220,2022-04-08,False,True,False,,,
731,840290,2022-04-08,False,True,False,,,
732,840410,2022-04-08,False,True,False,,,
733,840420,2022-04-08,False,True,False,,,
734,840490,2022-04-08,False,True,False,,,
735,840590,2022-04-08,False,True,False,,,
736,830230,2022-04-08,False,True,False,,,
737,850730,2022-04-08,False,True,False,,,
738,850690,2022-04-08,False,True,False,,,
739,850520,2022-04-08,False,True,False,,,
740,850434,2022-04-08,False,True,False,,,
741,850433,2022-04-08,False,True,False,,,
742,850240,2022-04-08,False,True,False,,,
743,850239,2022-04-08,False,True,False,,,
744,850231,2022-04-08,False,True,False,,,
745,850164,2022-04-08,False,True,False,,,
746,850163,2022-04-08,False,True,False,,,
747,850162,2022-04-08,False,True,False,,,
748,840690,2022-04-08,False,True,False,,,
749,830170,2022-04-08,False,True,False,,,
750,830120,2022-04-08,False,True,False,,,
751,820890,2022-04-08,False,True,False,,,
752,810820,2022-04-08,True,False,False,,,
753,810921,2022-04-08,False,False,True,441.0,2022-04-08,2023-06-23
754,810929,2022-04-08,False,False,True,441.0,2022-04-08,2023-06-23
755,810931,2022-04-08,False,True,False,,,
756,810939,2022-04-08,False,True,False,,,
757,810991,2022-04-08,False,True,False,,,
758,810999,2022-04-08,False,True,False,,,
759,811010,2022-04-08,True,False,False,,,
760,811100,2022-04-08,True,False,False,,,
761,811212,2022-04-08,True,False,False,,,
762,811221,2022-04-08,True,False,False,,,
763,811231,2022-04-08,True,False,False,,,
764,811241,2022-04-08,False,False,True,620.0,2022-04-08,2023-12-19
765,811249,2022-04-08,False,False,True,620.0,2022-04-08,2023-12-19
766,811251,2022-04-08,True,False,False,,,
767,811269,2022-04-08,True,False,False,,,
768,811292,2022-04-08,True,False,False,,,
769,820220,2022-04-08,False,True,False,,,
770,820760,2022-04-08,False,True,False,,,
771,820810,2022-04-08,False,True,False,,,
772,820820,2022-04-08,False,True,False,,,
773,820830,2022-04-08,False,True,False,,,
774,820840,2022-04-08,False,True,False,,,
775,853210,2022-04-08,False,True,False,,,
776,731824,2022-04-08,False,True,False,,,
777,721320,2022-04-08,False,True,False,,,
778,600544,2022-04-08,False,True,False,,,
779,370610,2022-04-08,False,True,False,,,
780,380120,2022-04-08,False,True,False,,,
781,380620,2022-04-08,False,True,False,,,
782,380700,2022-04-08,False,True,False,,,
783,380910,2022-04-08,False,True,False,,,
784,380991,2022-04-08,False,True,False,,,
785,380992,2022-04-08,False,True,False,,,
786,380993,2022-04-08,False,True,False,,,
787,381010,2022-04-08,False,True,False,,,
788,381121,2022-04-08,False,True,False,,,
789,381129,2022-04-08,False,True,False,,,
790,381190,2022-04-08,False,True,False,,,
791,381220,2022-04-08,False,True,False,,,
792,381300,2022-04-08,False,True,False,,,
793,381400,2022-04-08,False,True,False,,,
794,381511,2022-04-08,False,True,False,,,
795,381512,2022-04-08,False,True,False,,,
796,390140,2022-04-08,False,True,False,,,
797,382790,2022-04-08,False,True,False,,,
798,382600,2022-04-08,False,True,False,,,
799,382590,2022-04-08,False,True,False,,,
800,382499,2022-04-08,False,True,False,,,
801,382484,2022-04-08,False,True,False,,,
802,370390,2022-04-08,False,True,False,,,
803,382481,2022-04-08,False,True,False,,,
804,382000,2022-04-08,False,True,False,,,
805,381900,2022-04-08,False,True,False,,,
806,381700,2022-04-08,False,True,False,,,
807,381600,2022-04-08,False,False,True,619.0,2022-04-08,2023-12-18
808,381590,2022-04-08,False,True,False,,,
809,381519,2022-04-08,False,True,False,,,
810,382313,2022-04-08,False,True,False,,,
811,390220,2022-04-08,False,True,False,,,
812,370320,2022-04-08,False,True,False,,,
813,370297,2022-04-08,False,True,False,,,
814,320710,2022-04-08,False,True,False,,,
815,320720,2022-04-08,False,True,False,,,
816,320730,2022-04-08,False,True,False,,,
817,320740,2022-04-08,False,True,False,,,
818,320810,2022-04-08,False,True,False,,,
819,320820,2022-04-08,False,True,False,,,
820,320890,2022-04-08,False,True,False,,,
821,320910,2022-04-08,False,True,False,,,
822,320990,2022-04-08,False,True,False,,,
823,321000,2022-04-08,False,True,False,,,
824,321290,2022-04-08,False,True,False,,,
825,600610,2022-04-08,False,True,False,,,
826,321490,2022-04-08,False,True,False,,,
827,321511,2022-04-08,False,True,False,,,
828,321519,2022-04-08,False,True,False,,,
829,340311,2022-04-08,False,True,False,,,
830,340319,2022-04-08,False,True,False,,,
831,370256,2022-04-08,False,True,False,,,
832,370255,2022-04-08,False,True,False,,,
833,370244,2022-04-08,False,True,False,,,
834,370243,2022-04-08,False,True,False,,,
835,370239,2022-04-08,False,True,False,,,
836,370232,2022-04-08,False,True,False,,,
837,370298,2022-04-08,False,True,False,,,
838,370191,2022-04-08,False,True,False,,,
839,360200,2022-04-08,True,False,False,,,
840,360100,2022-04-08,True,False,False,,,
841,350699,2022-04-08,False,True,False,,,
842,350510,2022-04-08,False,True,False,,,
843,340399,2022-04-08,False,True,False,,,
844,340391,2022-04-08,False,True,False,,,
845,370120,2022-04-08,False,True,False,,,
846,390230,2022-04-08,False,True,False,,,
847,390290,2022-04-08,False,True,False,,,
848,390319,2022-04-08,False,True,False,,,
849,392290,2022-04-08,False,True,False,,,
850,392520,2022-04-08,False,True,False,,,
851,400211,2022-04-08,False,True,False,,,
852,400220,2022-04-08,False,True,False,,,
853,400231,2022-04-08,False,True,False,,,
854,400239,2022-04-08,False,True,False,,,
855,400241,2022-04-08,False,True,False,,,
856,400251,2022-04-08,False,True,False,,,
857,400280,2022-04-08,False,True,False,,,
858,400291,2022-04-08,False,True,False,,,
859,400299,2022-04-08,False,True,False,,,
860,400510,2022-04-08,False,True,False,,,
861,400520,2022-04-08,False,True,False,,,
862,400591,2022-04-08,False,True,False,,,
863,400599,2022-04-08,False,True,False,,,
864,400610,2022-04-08,False,True,False,,,
865,400821,2022-04-08,False,True,False,,,
866,440792,2022-04-08,False,True,False,,,
867,440719,2022-04-08,False,True,False,,,
868,401693,2022-04-08,False,True,False,,,
869,401220,2022-04-08,False,True,False,,,
870,401219,2022-04-08,False,True,False,,,
871,401213,2022-04-08,False,True,False,,,
872,392119,2022-04-08,False,True,False,,,
873,401211,2022-04-08,False,True,False,,,
874,401036,2022-04-08,False,True,False,,,
875,401035,2022-04-08,False,True,False,,,
876,401033,2022-04-08,False,True,False,,,
877,401031,2022-04-08,False,True,False,,,
878,400941,2022-04-08,False,True,False,,,
879,400912,2022-04-08,False,True,False,,,
880,401039,2022-04-08,False,True,False,,,
881,392091,2022-04-08,False,True,False,,,
882,392073,2022-04-08,False,True,False,,,
883,392069,2022-04-08,False,True,False,,,
884,390791,2022-04-08,False,True,False,,,
885,390770,2022-04-08,False,True,False,,,
886,390740,2022-04-08,False,True,False,,,
887,390721,2022-04-08,False,True,False,,,
888,390690,2022-04-08,False,True,False,,,
889,390610,2022-04-08,False,True,False,,,
890,390810,2022-04-08,False,True,False,,,
891,390591,2022-04-08,False,True,False,,,
892,390521,2022-04-08,False,True,False,,,
893,390519,2022-04-08,False,True,False,,,
894,390512,2022-04-08,False,True,False,,,
895,390450,2022-04-08,False,True,False,,,
896,390410,2022-04-08,False,True,False,,,
897,390390,2022-04-08,False,True,False,,,
898,390529,2022-04-08,False,True,False,,,
899,320649,2022-04-08,False,True,False,,,
900,390890,2022-04-08,False,True,False,,,
901,390939,2022-04-08,False,True,False,,,
902,392061,2022-04-08,False,True,False,,,
903,392020,2022-04-08,False,True,False,,,
904,391733,2022-04-08,False,True,False,,,
905,391732,2022-04-08,False,True,False,,,
906,391731,2022-04-08,False,True,False,,,
907,391723,2022-04-08,False,True,False,,,
908,390920,2022-04-08,False,True,False,,,
909,391710,2022-04-08,False,True,False,,,
910,391290,2022-04-08,False,True,False,,,
911,391220,2022-04-08,False,False,True,619.0,2022-04-08,2023-12-18
912,391211,2022-04-08,False,True,False,,,
913,391190,2022-04-08,False,False,True,619.0,2022-04-08,2023-12-18
914,390950,2022-04-08,False,True,False,,,
915,390940,2022-04-08,False,True,False,,,
916,391520,2022-04-08,False,True,False,,,
917,320641,2022-04-08,False,True,False,,,
918,320500,2022-04-08,False,True,False,,,
919,320490,2022-04-08,False,True,False,,,
920,281129,2022-04-08,False,True,False,,,
921,281290,2022-04-08,True,False,False,,,
922,281310,2022-04-08,False,True,False,,,
923,281420,2022-04-08,False,True,False,,,
924,281512,2022-04-08,False,True,False,,,
925,281830,2022-04-08,False,True,False,,,
926,281990,2022-04-08,False,True,False,,,
927,282010,2022-04-08,False,True,False,,,
928,282731,2022-04-08,False,True,False,,,
929,282735,2022-04-08,False,True,False,,,
930,282890,2022-04-08,False,True,False,,,
931,282911,2022-04-08,False,True,False,,,
932,283220,2022-04-08,False,True,False,,,
933,283324,2022-04-08,False,True,False,,,
934,283330,2022-04-08,False,True,False,,,
935,283410,2022-04-08,False,True,False,,,
936,283630,2022-04-08,False,True,False,,,
937,290129,2022-04-08,False,True,False,,,
938,290124,2022-04-08,False,True,False,,,
939,290123,2022-04-08,False,True,False,,,
940,285000,2022-04-08,True,False,False,,,
941,284700,2022-04-08,False,True,False,,,
942,284330,2022-04-08,False,True,False,,,
943,280620,2022-04-08,False,True,False,,,
944,284329,2022-04-08,False,True,False,,,
945,284310,2022-04-08,False,True,False,,,
946,284180,2022-04-08,False,True,False,,,
947,284150,2022-04-08,False,True,False,,,
948,284030,2022-04-08,False,True,False,,,
949,283990,2022-04-08,False,True,False,,,
950,283650,2022-04-08,False,True,False,,,
951,284321,2022-04-08,False,True,False,,,
952,280610,2022-04-08,False,True,False,,,
953,280480,2022-04-08,False,True,False,,,
954,280461,2022-04-08,False,True,False,,,
955,251910,2022-04-08,False,True,False,,,
956,251820,2022-04-08,False,True,False,,,
957,251520,2022-04-08,False,True,False,,,
958,251512,2022-04-08,False,True,False,,,
959,251200,2022-04-08,False,True,False,,,
960,250900,2022-04-08,False,True,False,,,
961,252010,2022-04-08,False,True,False,,,
962,250870,2022-04-08,False,True,False,,,
963,060420,2022-04-08,False,True,False,,,
964,060290,2022-04-08,False,True,False,,,
965,060240,2022-04-08,False,True,False,,,
966,060230,2022-04-08,False,True,False,,,
967,060120,2022-04-08,False,True,False,,,
968,060110,2022-04-08,False,True,False,,,
969,250840,2022-04-08,False,True,False,,,
970,290211,2022-04-08,False,True,False,,,
971,252100,2022-04-08,False,True,False,,,
972,252230,2022-04-08,False,True,False,,,
973,280440,2022-04-08,False,True,False,,,
974,280430,2022-04-08,False,True,False,,,
975,280410,2022-04-08,False,True,False,,,
976,271500,2022-04-08,False,True,False,,,
977,271290,2022-04-08,False,True,False,,,
978,271210,2022-04-08,False,True,False,,,
979,252210,2022-04-08,False,True,False,,,
980,271020,2022-04-08,False,False,True,441.0,2022-04-08,2023-06-23
981,271012,2022-04-08,False,False,True,441.0,2022-04-08,2023-06-23
982,270820,2022-04-08,False,True,False,,,
983,270730,2022-04-08,False,True,False,,,
984,253020,2022-04-08,False,True,False,,,
985,252620,2022-04-08,False,True,False,,,
986,252520,2022-04-08,False,True,False,,,
987,271019,2022-04-08,False,False,True,252.0,2022-04-08,2022-12-16
988,440794,2022-04-08,False,True,False,,,
989,290230,2022-04-08,False,True,False,,,
990,290242,2022-04-08,False,False,True,441.0,2022-04-08,2023-06-23
991,291212,2022-04-08,False,True,False,,,
992,291249,2022-04-08,False,True,False,,,
993,291260,2022-04-08,False,True,False,,,
994,291411,2022-04-08,False,True,False,,,
995,291461,2022-04-08,False,True,False,,,
996,291513,2022-04-08,False,True,False,,,
997,291590,2022-04-08,False,True,False,,,
998,291612,2022-04-08,False,True,False,,,
999,291613,2022-04-08,False,True,False,,,
1000,291614,2022-04-08,False,True,False,,,
1001,291615,2022-04-08,False,True,False,,,
1002,291719,2022-04-08,True,False,False,,,
1003,291733,2022-04-08,False,True,False,,,
1004,292011,2022-04-08,False,True,False,,,
1005,292090,2022-04-08,True,False,False,,,
1006,292122,2022-04-08,False,True,False,,,
1007,292141,2022-04-08,False,True,False,,,
1008,320300,2022-04-08,False,True,False,,,
1009,320290,2022-04-08,False,True,False,,,
1010,320210,2022-04-08,False,True,False,,,
1011,320190,2022-04-08,False,True,False,,,
1012,293979,2022-04-08,True,False,False,,,
1013,293371,2022-04-08,False,True,False,,,
1014,291100,2022-04-08,False,True,False,,,
1015,293354,2022-04-08,False,True,False,,,
1016,293040,2022-04-08,False,True,False,,,
1017,292421,2022-04-08,True,False,False,,,
1018,292320,2022-04-08,False,True,False,,,
1019,292243,2022-04-08,False,True,False,,,
1020,292211,2022-04-08,False,True,False,,,
1021,292144,2022-04-08,True,False,False,,,
1022,293190,2022-04-08,True,False,False,,,
1023,291020,2022-04-08,False,True,False,,,
1024,291010,2022-04-08,False,True,False,,,
1025,290949,2022-04-08,False,True,False,,,
1026,290420,2022-04-08,False,True,False,,,
1027,290410,2022-04-08,False,True,False,,,
1028,290391,2022-04-08,False,True,False,,,
1029,290381,2022-04-08,False,True,False,,,
1030,290376,2022-04-08,False,True,False,,,
1031,290329,2022-04-08,False,True,False,,,
1032,290431,2022-04-08,False,True,False,,,
1033,290323,2022-04-08,False,True,False,,,
1034,290312,2022-04-08,False,True,False,,,
1035,290311,2022-04-08,False,True,False,,,
1036,290290,2022-04-08,False,False,True,441.0,2022-04-08,2023-06-23
1037,290250,2022-04-08,False,True,False,,,
1038,290244,2022-04-08,False,True,False,,,
1039,290243,2022-04-08,False,True,False,,,
1040,290321,2022-04-08,False,True,False,,,
1041,290241,2022-04-08,False,True,False,,,
1042,290513,2022-04-08,False,True,False,,,
1043,290519,2022-04-08,False,True,False,,,
1044,290943,2022-04-08,False,True,False,,,
1045,290941,2022-04-08,False,True,False,,,
1046,290930,2022-04-08,False,False,True,441.0,2022-04-08,2023-06-23
1047,290920,2022-04-08,False,True,False,,,
1048,290911,2022-04-08,False,True,False,,,
1049,290899,2022-04-08,True,False,False,,,
1050,290516,2022-04-08,False,True,False,,,
1051,290722,2022-04-08,False,True,False,,,
1052,290713,2022-04-08,False,True,False,,,
1053,290711,2022-04-08,False,True,False,,,
1054,290619,2022-04-08,False,True,False,,,
1055,290613,2022-04-08,False,True,False,,,
1056,290559,2022-04-08,False,True,False,,,
1057,290541,2022-04-08,False,True,False,,,
1058,290719,2022-04-08,False,True,False,,,
1059,440797,2022-04-08,False,True,False,,,
1060,321410,2022-04-08,False,True,False,,,
1061,550610,2022-04-08,False,False,True,441.0,2022-04-08,2023-06-23
1062,550311,2022-04-08,False,False,True,441.0,2022-04-08,2023-06-23
1063,482370,2022-04-08,False,True,False,,,
1064,550210,2022-04-08,False,True,False,,,
1065,490600,2022-04-08,False,True,False,,,
1066,510539,2022-04-08,False,True,False,,,
1067,510540,2022-04-08,False,True,False,,,
1068,480700,2022-04-08,False,True,False,,,
1069,550319,2022-04-08,False,True,False,,,
1070,480640,2022-04-08,False,True,False,,,
1071,550190,2022-04-08,False,True,False,,,
1072,480630,2022-04-08,False,True,False,,,
1073,540730,2022-04-08,False,True,False,,,
1074,510620,2022-04-08,False,True,False,,,
1075,540490,2022-04-08,False,True,False,,,
1076,540419,2022-04-08,False,True,False,,,
1077,540412,2022-04-08,False,True,False,,,
1078,510610,2022-04-08,False,True,False,,,
1079,480890,2022-04-08,False,True,False,,,
1080,550340,2022-04-08,False,True,False,,,
1081,550390,2022-04-08,False,False,True,441.0,2022-04-08,2023-06-23
1082,481013,2022-04-08,False,True,False,,,
1083,550700,2022-04-08,False,True,False,,,
1084,470100,2022-04-08,False,True,False,,,
1085,470319,2022-04-08,False,True,False,,,
1086,470321,2022-04-08,False,True,False,,,
1087,470329,2022-04-08,False,True,False,,,
1088,550690,2022-04-08,False,False,True,441.0,2022-04-08,2023-06-23
1089,482320,2022-04-08,False,True,False,,,
1090,482340,2022-04-08,False,True,False,,,
1091,470411,2022-04-08,False,True,False,,,
1092,470421,2022-04-08,False,True,False,,,
1093,470429,2022-04-08,False,True,False,,,
1094,480920,2022-04-08,False,True,False,,,
1095,550640,2022-04-08,False,True,False,,,
1096,550620,2022-04-08,False,False,True,441.0,2022-04-08,2023-06-23
1097,470500,2022-04-08,False,True,False,,,
1098,550490,2022-04-08,False,True,False,,,
1099,540342,2022-04-08,False,True,False,,,
1100,551221,2022-04-08,False,True,False,,,
1101,470630,2022-04-08,False,True,False,,,
1102,540333,2022-04-08,False,True,False,,,
1103,480452,2022-04-08,False,True,False,,,
1104,480449,2022-04-08,False,True,False,,,
1105,480442,2022-04-08,False,True,False,,,
1106,480441,2022-04-08,False,True,False,,,
1107,480411,2022-04-08,False,True,False,,,
1108,480439,2022-04-08,False,True,False,,,
1109,521151,2022-04-08,False,True,False,,,
1110,480459,2022-04-08,False,True,False,,,
1111,480431,2022-04-08,False,True,False,,,
1112,520541,2022-04-08,False,True,False,,,
1113,481110,2022-04-08,False,True,False,,,
1114,480429,2022-04-08,False,True,False,,,
1115,480419,2022-04-08,False,True,False,,,
1116,480421,2022-04-08,False,True,False,,,
1117,521119,2022-04-08,False,True,False,,,
1118,520911,2022-04-08,False,True,False,,,
1119,520528,2022-04-08,False,True,False,,,
1120,520521,2022-04-08,False,True,False,,,
1121,480261,2022-04-08,False,True,False,,,
1122,480524,2022-04-08,False,True,False,,,
1123,480620,2022-04-08,False,True,False,,,
1124,470710,2022-04-08,False,True,False,,,
1125,510720,2022-04-08,False,True,False,,,
1126,470730,2022-04-08,False,True,False,,,
1127,480220,2022-04-08,False,True,False,,,
1128,480610,2022-04-08,False,True,False,,,
1129,480240,2022-04-08,False,True,False,,,
1130,540263,2022-04-08,False,True,False,,,
1131,480592,2022-04-08,False,True,False,,,
1132,530820,2022-04-08,False,True,False,,,
1133,480258,2022-04-08,False,True,False,,,
1134,511211,2022-04-08,False,True,False,,,
1135,511219,2022-04-08,False,True,False,,,
1136,521159,2022-04-08,False,True,False,,,
1137,480591,2022-04-08,False,True,False,,,
1138,480540,2022-04-08,False,True,False,,,
1139,480525,2022-04-08,False,True,False,,,
1140,470692,2022-04-08,False,True,False,,,
1141,481019,2022-04-08,False,True,False,,,
1142,520642,2022-04-08,False,True,False,,,
1143,580640,2022-04-08,False,True,False,,,
1144,580300,2022-04-08,False,True,False,,,
1145,560490,2022-04-08,False,True,False,,,
1146,481151,2022-04-08,False,True,False,,,
1147,441113,2022-04-08,False,True,False,,,
1148,481159,2022-04-08,False,True,False,,,
1149,482210,2022-04-08,False,True,False,,,
1150,441194,2022-04-08,False,True,False,,,
1151,441600,2022-04-08,False,True,False,,,
1152,441879,2022-04-08,False,True,False,,,
1153,560500,2022-04-08,False,True,False,,,
1154,481099,2022-04-08,False,True,False,,,
1155,441860,2022-04-08,False,True,False,,,
1156,560741,2022-04-08,False,True,False,,,
1157,580127,2022-04-08,False,True,False,,,
1158,481490,2022-04-08,False,True,False,,,
1159,441294,2022-04-08,False,True,False,,,
1160,481160,2022-04-08,False,True,False,,,
1161,481190,2022-04-08,False,True,False,,,
1162,441234,2022-04-08,False,True,False,,,
1163,481092,2022-04-08,False,True,False,,,
1164,441231,2022-04-08,False,True,False,,,
1165,560130,2022-04-08,False,True,False,,,
1166,450410,2022-04-08,False,True,False,,,
1167,481022,2022-04-08,False,True,False,,,
1168,591140,2022-04-08,False,True,False,,,
1169,481031,2022-04-08,False,True,False,,,
1170,551644,2022-04-08,False,True,False,,,
1171,481920,2022-04-08,False,True,False,,,
1172,440799,2022-04-08,False,True,False,,,
1173,600536,2022-04-08,False,True,False,,,
1174,600340,2022-04-08,False,True,False,,,
1175,600199,2022-04-08,False,True,False,,,
1176,590110,2022-04-08,False,True,False,,,
1177,481039,2022-04-08,False,True,False,,,
1178,450310,2022-04-08,False,True,False,,,
1179,441840,2022-04-08,False,True,False,,,
1180,440810,2022-04-08,False,True,False,,,
1181,591131,2022-04-08,False,True,False,,,
1182,591110,2022-04-08,False,True,False,,,
1183,551694,2022-04-08,False,True,False,,,
1184,591000,2022-04-08,False,True,False,,,
1185,560129,2022-04-08,False,True,False,,,
1186,590800,2022-04-08,False,True,False,,,
1187,590500,2022-04-08,False,True,False,,,
1188,551299,2022-04-08,False,True,False,,,
1189,591132,2022-04-08,False,True,False,,,
1190,290944,2022-06-04,False,False,True,384.0,2022-06-04,2023-06-23
1191,292142,2022-06-04,True,False,False,,,
1192,290919,2022-06-04,False,False,True,384.0,2022-06-04,2023-06-23
1193,292130,2022-06-04,True,False,False,,,
1194,283539,2022-06-04,True,False,False,,,
1195,280470,2022-06-04,True,False,False,,,
1196,292029,2022-06-04,True,False,False,,,
1197,284290,2022-06-04,True,False,False,,,
1198,292119,2022-06-04,True,False,False,,,
1199,284910,2022-06-04,True,False,False,,,
1200,292111,2022-06-04,True,False,False,,,
1201,285390,2022-06-04,True,False,False,,,
1202,290121,2022-06-04,False,False,True,384.0,2022-06-04,2023-06-23
1203,290612,2022-06-04,False,False,True,384.0,2022-06-04,2023-06-23
1204,290315,2022-06-04,False,False,True,384.0,2022-06-04,2023-06-23
1205,290531,2022-06-04,False,False,True,562.0,2022-06-04,2023-12-18
1206,290361,2022-06-04,False,False,True,384.0,2022-06-04,2023-06-23
1207,290379,2022-06-04,False,False,True,384.0,2022-06-04,2023-06-23
1208,291819,2022-06-04,True,False,False,,,
1209,290514,2022-06-04,True,False,False,,,
1210,290511,2022-06-04,True,False,False,,,
1211,292129,2022-06-04,True,False,False,,,
1212,282751,2022-06-04,True,False,False,,,
1213,283090,2022-06-04,True,False,False,,,
1214,290369,2022-06-04,False,False,True,384.0,2022-06-04,2023-06-23
1215,293336,2022-06-04,True,False,False,,,
1216,280110,2022-06-04,True,False,False,,,
1217,293337,2022-06-04,True,False,False,,,
1218,293339,2022-06-04,True,False,False,,,
1219,281410,2022-06-04,False,False,True,384.0,2022-06-04,2023-06-23
1220,293349,2022-06-04,True,False,False,,,
1221,293369,2022-06-04,True,False,False,,,
1222,8110,2022-06-04,True,False,False,,,
1223,291439,2022-06-04,True,False,False,,,
1224,280200,2022-06-04,True,False,False,,,
1225,292910,2022-06-04,True,False,False,,,
1226,290512,2022-06-04,True,False,False,,,
1227,282732,2022-06-04,True,False,False,,,
1228,281119,2022-06-04,True,False,False,,,
1229,292219,2022-06-04,True,False,False,,,
1230,291440,2022-06-04,True,False,False,,,
1231,293491,2022-06-04,True,False,False,,,
1232,293333,2022-06-04,True,False,False,,,
1233,293331,2022-06-04,True,False,False,,,
1234,280511,2022-06-04,True,False,False,,,
1235,291221,2022-06-04,False,False,True,384.0,2022-06-04,2023-06-23
1236,293090,2022-06-04,True,False,False,,,
1237,848220,2022-06-21,False,True,False,,,
1238,441233,2022-06-21,False,True,False,,,
1239,293143,2022-07-21,True,False,False,,,
1240,293141,2022-07-21,True,False,False,,,
1241,847780,2022-07-21,False,False,True,337.0,2022-07-21,2023-06-23
1242,291817,2022-07-21,True,False,False,,,
1243,847983,2022-07-21,True,False,False,,,
1244,291419,2022-07-21,True,False,False,,,
1245,293070,2022-07-21,True,False,False,,,
1246,292990,2022-07-21,True,False,False,,,
1247,293010,2022-07-21,True,False,False,,,
1248,293060,2022-07-21,True,False,False,,,
1249,845180,2022-07-21,True,False,False,,,
1250,292023,2022-07-21,True,False,False,,,
1251,292022,2022-07-21,True,False,False,,,
1252,850519,2022-07-21,False,False,True,337.0,2022-07-21,2023-06-23
1253,330190,2022-07-21,True,False,False,,,
1254,293144,2022-07-21,True,False,False,,,
1255,843031,2022-07-21,False,False,True,515.0,2022-07-21,2023-12-18
1256,370110,2022-07-21,True,False,False,,,
1257,291990,2022-07-21,True,False,False,,,
1258,843041,2022-07-21,False,False,True,515.0,2022-07-21,2023-12-18
1259,360490,2022-07-21,True,False,False,,,
1260,848130,2022-07-21,False,False,True,219.0,2022-07-21,2023-02-25
1261,360410,2022-07-21,True,False,False,,,
1262,360360,2022-07-21,True,False,False,,,
1263,292021,2022-07-21,True,False,False,,,
1264,360350,2022-07-21,True,False,False,,,
1265,360320,2022-07-21,True,False,False,,,
1266,292529,2022-07-21,True,False,False,,,
1267,853720,2022-07-21,True,False,False,,,
1268,853710,2022-07-21,False,False,True,219.0,2022-07-21,2023-02-25
1269,292690,2022-07-21,True,False,False,,,
1270,848180,2022-07-21,True,False,False,,,
1271,850300,2022-07-21,False,False,True,219.0,2022-07-21,2023-02-25
1272,850511,2022-07-21,False,False,True,148.0,2022-07-21,2022-12-16
1273,360340,2022-07-21,True,False,False,,,
1274,293145,2022-07-21,True,False,False,,,
1275,300249,2022-07-21,True,False,False,,,
1276,845630,2022-07-21,False,False,True,515.0,2022-07-21,2023-12-18
1277,845969,2022-07-21,False,False,True,337.0,2022-07-21,2023-06-23
1278,701919,2022-07-21,True,False,False,,,
1279,848280,2022-07-21,False,False,True,219.0,2022-07-21,2023-02-25
1280,846012,2022-07-21,False,False,True,219.0,2022-07-21,2023-02-25
1281,846022,2022-07-21,False,False,True,219.0,2022-07-21,2023-02-25
1282,846023,2022-07-21,False,False,True,219.0,2022-07-21,2023-02-25
1283,846024,2022-07-21,False,False,True,219.0,2022-07-21,2023-02-25
1284,293499,2022-07-21,True,False,False,,,
1285,731010,2022-07-21,False,False,True,219.0,2022-07-21,2023-02-25
1286,851539,2022-07-21,False,False,True,515.0,2022-07-21,2023-12-18
1287,851580,2022-07-21,False,False,True,515.0,2022-07-21,2023-12-18
1288,846310,2022-07-21,False,False,True,219.0,2022-07-21,2023-02-25
1289,846320,2022-07-21,False,False,True,219.0,2022-07-21,2023-02-25
1290,846390,2022-07-21,False,False,True,219.0,2022-07-21,2023-02-25
1291,292215,2022-07-21,True,False,False,,,
1292,300241,2022-07-21,True,False,False,,,
1293,292217,2022-07-21,True,False,False,,,
1294,300259,2022-07-21,True,False,False,,,
1295,300251,2022-07-21,True,False,False,,,
1296,848250,2022-07-21,False,False,True,219.0,2022-07-21,2023-02-25
1297,845961,2022-07-21,False,False,True,219.0,2022-07-21,2023-02-25
1298,845951,2022-07-21,False,False,True,337.0,2022-07-21,2023-06-23
1299,851531,2022-07-21,False,False,True,515.0,2022-07-21,2023-12-18
1300,293147,2022-07-21,True,False,False,,,
1301,292024,2022-07-21,True,False,False,,,
1302,293148,2022-07-21,True,False,False,,,
1303,293149,2022-07-21,True,False,False,,,
1304,845710,2022-07-21,False,False,True,219.0,2022-07-21,2023-02-25
1305,846630,2022-07-21,False,False,True,337.0,2022-07-21,2023-06-23
1306,845720,2022-07-21,False,False,True,337.0,2022-07-21,2023-06-23
1307,293159,2022-07-21,True,False,False,,,
1308,845730,2022-07-21,False,False,True,219.0,2022-07-21,2023-02-25
1309,293146,2022-07-21,True,False,False,,,
1310,850161,2022-07-21,False,False,True,219.0,2022-07-21,2023-02-25
1311,845819,2022-07-21,False,False,True,219.0,2022-07-21,2023-02-25
1312,848210,2022-07-21,False,False,True,219.0,2022-07-21,2023-02-25
1313,293335,2022-07-21,True,False,False,,,
1314,845891,2022-07-21,False,False,True,219.0,2022-07-21,2023-02-25
1315,845899,2022-07-21,False,False,True,219.0,2022-07-21,2023-02-25
1316,292114,2022-07-21,True,False,False,,,
1317,852692,2022-07-21,False,False,True,148.0,2022-07-21,2022-12-16
1318,845931,2022-07-21,False,False,True,219.0,2022-07-21,2023-02-25
1319,291479,2022-07-21,True,False,False,,,
1320,845811,2022-07-21,False,False,True,219.0,2022-07-21,2023-02-25
1321,293151,2022-07-21,True,False,False,,,
1322,292218,2022-07-21,True,False,False,,,
1323,721933,2022-07-21,False,False,True,219.0,2022-07-21,2023-02-25
1324,830150,2022-07-21,True,False,False,,,
1325,281219,2022-07-21,True,False,False,,,
1326,902212,2022-07-21,True,False,False,,,
1327,281390,2022-07-21,True,False,False,,,
1328,722090,2022-07-21,False,False,True,219.0,2022-07-21,2023-02-25
1329,722020,2022-07-21,False,False,True,219.0,2022-07-21,2023-02-25
1330,722012,2022-07-21,False,False,True,219.0,2022-07-21,2023-02-25
1331,722011,2022-07-21,False,False,True,219.0,2022-07-21,2023-02-25
1332,282690,2022-07-21,True,False,False,,,
1333,721990,2022-07-21,False,False,True,219.0,2022-07-21,2023-02-25
1334,721935,2022-07-21,False,False,True,219.0,2022-07-21,2023-02-25
1335,721934,2022-07-21,False,False,True,219.0,2022-07-21,2023-02-25
1336,721932,2022-07-21,False,False,True,219.0,2022-07-21,2023-02-25
1337,721931,2022-07-21,False,False,True,219.0,2022-07-21,2023-02-25
1338,721923,2022-07-21,False,False,True,219.0,2022-07-21,2023-02-25
1339,721922,2022-07-21,False,False,True,219.0,2022-07-21,2023-02-25
1340,721921,2022-07-21,False,False,True,219.0,2022-07-21,2023-02-25
1341,841480,2022-07-21,True,False,False,,,
1342,283719,2022-07-21,True,False,False,,,
1343,283711,2022-07-21,True,False,False,,,
1344,841370,2022-07-21,False,False,True,515.0,2022-07-21,2023-12-18
1345,721911,2022-07-21,False,False,True,219.0,2022-07-21,2023-02-25
1346,650610,2022-07-21,True,False,False,,,
1347,390720,2022-07-21,True,False,False,,,
1348,550111,2022-07-21,False,False,True,337.0,2022-07-21,2023-06-23
1349,382200,2022-07-21,True,False,False,,,
1350,382219,2022-07-21,True,False,False,,,
1351,283010,2022-07-21,True,False,False,,,
1352,382290,2022-07-21,True,False,False,,,
1353,721913,2022-07-21,False,False,True,219.0,2022-07-21,2023-02-25
1354,721914,2022-07-21,False,False,True,219.0,2022-07-21,2023-02-25
1355,721912,2022-07-21,False,False,True,219.0,2022-07-21,2023-02-25
1356,281217,2022-07-21,True,False,False,,,
1357,281216,2022-07-21,True,False,False,,,
1358,820790,2022-07-21,False,False,True,515.0,2022-07-21,2023-12-18
1359,930400,2022-07-21,True,False,False,,,
1360,750720,2022-07-21,False,False,True,337.0,2022-07-21,2023-06-23
1361,750712,2022-07-21,False,False,True,337.0,2022-07-21,2023-06-23
1362,750620,2022-07-21,False,False,True,337.0,2022-07-21,2023-06-23
1363,730640,2022-07-21,False,False,True,515.0,2022-07-21,2023-12-18
1364,730661,2022-07-21,False,False,True,515.0,2022-07-21,2023-12-18
1365,730459,2022-07-21,False,False,True,515.0,2022-07-21,2023-12-18
1366,730669,2022-07-21,False,False,True,515.0,2022-07-21,2023-12-18
1367,730721,2022-07-21,False,False,True,515.0,2022-07-21,2023-12-18
1368,730723,2022-07-21,False,False,True,515.0,2022-07-21,2023-12-18
1369,730729,2022-07-21,False,False,True,515.0,2022-07-21,2023-12-18
1370,420330,2022-07-21,True,False,False,,,
1371,732690,2022-07-21,True,False,False,,,
1372,731100,2022-07-21,False,False,True,219.0,2022-07-21,2023-02-25
1373,590210,2022-07-21,True,False,False,,,
1374,284440,2022-07-21,True,False,False,,,
1375,761699,2022-07-21,True,False,False,,,
1376,730449,2022-07-21,False,False,True,515.0,2022-07-21,2023-12-18
1377,820750,2022-07-21,False,False,True,515.0,2022-07-21,2023-12-18
1378,820720,2022-07-21,False,False,True,515.0,2022-07-21,2023-12-18
1379,281215,2022-07-21,True,False,False,,,
1380,281214,2022-07-21,True,False,False,,,
1381,281213,2022-07-21,True,False,False,,,
1382,281212,2022-07-21,True,False,False,,,
1383,730451,2022-07-21,False,False,True,515.0,2022-07-21,2023-12-18
1384,281211,2022-07-21,True,False,False,,,
1385,281111,2022-07-21,True,False,False,,,
1386,280800,2022-07-21,True,False,False,,,
1387,903110,2022-07-21,False,False,True,337.0,2022-07-21,2023-06-23
1388,280130,2022-07-21,True,False,False,,,
1389,392690,2022-07-21,True,False,False,,,
1390,730441,2022-07-21,False,False,True,515.0,2022-07-21,2023-12-18
1391,281112,2022-07-21,True,False,False,,,
1392,284442,2022-07-21,True,False,False,,,
1393,292019,2022-07-21,True,False,False,,,
1394,854590,2022-07-21,True,False,False,,,
1395,290491,2022-07-21,False,False,True,337.0,2022-07-21,2023-06-23
1396,842870,2022-07-21,False,False,True,219.0,2022-07-21,2023-02-25
1397,285310,2022-07-21,True,False,False,,,
1398,681519,2022-07-21,True,False,False,,,
1399,370210,2022-07-21,False,False,True,337.0,2022-07-21,2023-06-23
1400,681512,2022-07-21,True,False,False,,,
1401,842911,2022-07-21,False,False,True,219.0,2022-07-21,2023-02-25
1402,540211,2022-07-21,True,False,False,,,
1403,681513,2022-07-21,True,False,False,,,
1404,930510,2022-10-06,True,False,False,,,
1405,930521,2022-10-06,True,False,False,,,
1406,930529,2022-10-06,True,False,False,,,
1407,902410,2022-10-06,False,True,False,,,
1408,842420,2022-10-06,True,False,False,,,
1409,930599,2022-10-06,True,False,False,,,
1410,292212,2022-10-06,True,False,False,,,
1411,930621,2022-10-06,True,False,False,,,
1412,930629,2022-10-06,True,False,False,,,
1413,930630,2022-10-06,True,False,False,,,
1414,930690,2022-10-06,True,False,False,,,
1415,270400,2022-10-06,False,True,False,,,
1416,293353,2022-10-06,True,False,False,,,
1417,290319,2022-10-06,False,False,True,260.0,2022-10-06,2023-06-23
1418,290539,2022-10-06,True,False,False,,,
1419,360300,2022-10-06,True,False,False,,,
1420,930330,2022-10-06,False,False,True,260.0,2022-10-06,2023-06-23
1421,9026,2022-10-06,False,True,False,,,
1422,270300,2022-10-06,False,True,False,,,
1423,930320,2022-10-06,False,False,True,260.0,2022-10-06,2023-06-23
1424,854290,2022-10-06,False,True,False,,,
1425,330210,2022-10-06,True,False,False,,,
1426,930310,2022-10-06,False,True,False,,,
1427,330290,2022-10-06,True,False,False,,,
1428,280700,2022-10-06,True,False,False,,,
1429,280540,2022-10-06,True,False,False,,,
1430,930200,2022-10-06,True,False,False,,,
1431,854233,2022-10-06,False,True,False,,,
1432,854190,2022-10-06,False,True,False,,,
1433,854151,2022-10-06,False,True,False,,,
1434,930390,2022-10-06,False,False,True,260.0,2022-10-06,2023-06-23
1435,854390,2022-10-06,True,False,False,,,
1436,854149,2022-10-06,False,True,False,,,
1437,291211,2022-10-06,False,False,True,260.0,2022-10-06,2023-06-23
1438,300390,2022-10-06,True,False,False,,,
1439,291219,2022-10-06,False,False,True,260.0,2022-10-06,2023-06-23
1440,854129,2022-10-06,False,True,False,,,
1441,300490,2022-10-06,True,False,False,,,
1442,846691,2022-10-06,False,True,False,,,
1443,681381,2022-10-06,False,True,False,,,
1444,270100,2022-10-06,False,True,False,,,
1445,854121,2022-10-06,False,True,False,,,
1446,282739,2022-10-06,True,False,False,,,
1447,970600,2022-10-06,True,False,False,,,
1448,270200,2022-10-06,False,True,False,,,
1449,681320,2022-10-06,False,False,True,260.0,2022-10-06,2023-06-23
1450,854110,2022-10-06,False,True,False,,,
1451,970500,2022-10-06,True,False,False,,,
1452,902750,2022-12-16,False,False,True,189.0,2022-12-16,2023-06-23
1453,841990,2022-12-16,False,False,True,71.0,2022-12-16,2023-02-25
1454,852351,2022-12-16,False,True,False,,,
1455,853669,2022-12-16,False,True,False,,,
1456,902790,2022-12-16,False,False,True,367.0,2022-12-16,2023-12-18
1457,850220,2022-12-16,False,True,False,,,
1458,853224,2022-12-16,False,True,False,,,
1459,900211,2022-12-16,False,True,False,,,
1460,900219,2022-12-16,False,True,False,,,
1461,900710,2022-12-16,False,True,False,,,
1462,853650,2022-12-16,False,True,False,,,
1463,950300,2022-12-16,True,False,False,,,
1464,840910,2022-12-16,False,True,False,,,
1465,840890,2022-12-16,False,False,True,71.0,2022-12-16,2023-02-25
1466,841470,2022-12-16,True,False,False,,,
1467,8501,2022-12-16,False,False,True,367.0,2022-12-16,2023-12-18
1468,853690,2022-12-16,False,True,False,,,
1469,840710,2022-12-16,False,True,False,,,
1470,847160,2022-12-16,False,True,False,,,
1471,847170,2022-12-16,False,True,False,,,
1472,847190,2022-12-16,False,True,False,,,
1473,853400,2022-12-16,False,True,False,,,
1474,848590,2022-12-16,False,True,False,,,
1475,854800,2022-12-16,False,True,False,,,
1476,750522,2022-12-16,False,False,True,189.0,2022-12-16,2023-06-23
1477,851519,2022-12-16,False,True,False,,,
1478,851511,2022-12-16,False,True,False,,,
1479,848530,2022-12-16,False,True,False,,,
1480,810890,2022-12-16,True,False,False,,,
1481,750512,2022-12-16,False,False,True,189.0,2022-12-16,2023-06-23
1482,292429,2022-12-16,True,False,False,,,
1483,850710,2023-02-25,False,True,False,,,
1484,853939,2023-02-25,False,True,False,,,
1485,8511,2023-02-25,False,True,False,,,
1486,853929,2023-02-25,False,True,False,,,
1487,853890,2023-02-25,False,True,False,,,
1488,850660,2023-02-25,False,True,False,,,
1489,854141,2023-02-25,False,True,False,,,
1490,854130,2023-02-25,False,True,False,,,
1491,850720,2023-02-25,False,True,False,,,
1492,853951,2023-02-25,False,True,False,,,
1493,284690,2023-02-25,True,False,False,,,
1494,851420,2023-02-25,False,True,False,,,
1495,280530,2023-02-25,True,False,False,,,
1496,854710,2023-02-25,False,True,False,,,
1497,854720,2023-02-25,False,True,False,,,
1498,853952,2023-02-25,False,True,False,,,
1499,853229,2023-02-25,False,True,False,,,
1500,9005,2023-02-25,False,True,False,,,
1501,851680,2023-02-25,False,True,False,,,
1502,900110,2023-02-25,False,True,False,,,
1503,853221,2023-02-25,False,True,False,,,
1504,8549,2023-02-25,False,True,False,,,
1505,853080,2023-02-25,False,True,False,,,
1506,853010,2023-02-25,False,True,False,,,
1507,852849,2023-02-25,False,True,False,,,
1508,852721,2023-02-25,False,True,False,,,
1509,852581,2023-02-25,False,True,False,,,
1510,870310,2023-02-25,False,True,False,,,
1511,870423,2023-02-25,False,True,False,,,
1512,870510,2023-02-25,False,True,False,,,
1513,852589,2023-02-25,False,True,False,,,
1514,870540,2023-02-25,False,True,False,,,
1515,853230,2023-02-25,False,True,False,,,
1516,853810,2023-02-25,False,True,False,,,
1517,853290,2023-02-25,False,True,False,,,
1518,851529,2023-02-25,False,True,False,,,
1519,902990,2023-02-25,False,True,False,,,
1520,851290,2023-02-25,False,True,False,,,
1521,854320,2023-02-25,False,True,False,,,
1522,902590,2023-02-25,False,True,False,,,
1523,284610,2023-02-25,True,False,False,,,
1524,854411,2023-02-25,False,True,False,,,
1525,853529,2023-02-25,False,True,False,,,
1526,902519,2023-02-25,False,True,False,,,
1527,902480,2023-02-25,False,True,False,,,
1528,851490,2023-02-25,False,True,False,,,
1529,853521,2023-02-25,False,True,False,,,
1530,853510,2023-02-25,False,True,False,,,
1531,851521,2023-02-25,False,True,False,,,
1532,853390,2023-02-25,False,True,False,,,
1533,854449,2023-02-25,False,True,False,,,
1534,901520,2023-02-25,False,True,False,,,
1535,854460,2023-02-25,False,True,False,,,
1536,854470,2023-02-25,False,True,False,,,
1537,9014,2023-02-25,False,True,False,,,
1538,854520,2023-02-25,False,True,False,,,
1539,854071,2023-02-25,False,True,False,,,
1540,7311,2023-02-25,False,True,False,,,
1541,98,2023-02-25,True,False,False,,,
1542,842930,2023-02-25,False,True,False,,,
1543,722699,2023-02-25,False,True,False,,,
1544,842920,2023-02-25,False,True,False,,,
1545,722692,2023-02-25,False,True,False,,,
1546,721050,2023-02-25,False,True,False,,,
1547,842839,2023-02-25,False,True,False,,,
1548,842940,2023-02-25,False,True,False,,,
1549,722620,2023-02-25,False,True,False,,,
1550,721069,2023-02-25,False,True,False,,,
1551,842831,2023-02-25,False,True,False,,,
1552,722619,2023-02-25,False,True,False,,,
1553,721070,2023-02-25,False,True,False,,,
1554,8427,2023-02-25,False,True,False,,,
1555,842691,2023-02-25,False,True,False,,,
1556,721061,2023-02-25,False,True,False,,,
1557,842649,2023-02-25,False,True,False,,,
1558,842951,2023-02-25,False,True,False,,,
1559,721049,2023-02-25,False,True,False,,,
1560,845522,2023-02-25,False,True,False,,,
1561,845490,2023-02-25,False,True,False,,,
1562,845420,2023-02-25,False,True,False,,,
1563,7208,2023-02-25,False,True,False,,,
1564,7209,2023-02-25,False,True,False,,,
1565,721011,2023-02-25,False,True,False,,,
1566,842952,2023-02-25,False,True,False,,,
1567,721012,2023-02-25,False,True,False,,,
1568,721030,2023-02-25,False,True,False,,,
1569,843141,2023-02-25,False,True,False,,,
1570,843120,2023-02-25,False,True,False,,,
1571,843069,2023-02-25,False,True,False,,,
1572,843050,2023-02-25,False,True,False,,,
1573,721041,2023-02-25,False,True,False,,,
1574,721020,2023-02-25,False,True,False,,,
1575,842641,2023-02-25,False,True,False,,,
1576,842630,2023-02-25,False,True,False,,,
1577,842620,2023-02-25,False,True,False,,,
1578,840510,2023-02-25,False,True,False,,,
1579,7220,2023-02-25,False,True,False,,,
1580,840681,2023-02-25,False,True,False,,,
1581,840682,2023-02-25,False,True,False,,,
1582,8408,2023-02-25,False,True,False,,,
1583,721250,2023-02-25,False,True,False,,,
1584,721240,2023-02-25,False,True,False,,,
1585,850432,2023-02-25,False,True,False,,,
1586,841090,2023-02-25,False,True,False,,,
1587,841311,2023-02-25,False,True,False,,,
1588,841319,2023-02-25,False,True,False,,,
1589,841330,2023-02-25,False,True,False,,,
1590,841381,2023-02-25,False,True,False,,,
1591,7219,2023-02-25,False,True,False,,,
1592,840999,2023-02-25,False,True,False,,,
1593,721230,2023-02-25,False,True,False,,,
1594,721220,2023-02-25,False,True,False,,,
1595,722511,2023-02-25,False,True,False,,,
1596,842619,2023-02-25,False,True,False,,,
1597,722611,2023-02-25,False,True,False,,,
1598,842611,2023-02-25,False,True,False,,,
1599,842531,2023-02-25,False,True,False,,,
1600,722592,2023-02-25,False,True,False,,,
1601,722591,2023-02-25,False,True,False,,,
1602,721119,2023-02-25,False,True,False,,,
1603,721123,2023-02-25,False,True,False,,,
1604,842131,2023-02-25,False,True,False,,,
1605,722550,2023-02-25,False,True,False,,,
1606,842129,2023-02-25,False,True,False,,,
1607,842123,2023-02-25,False,True,False,,,
1608,721190,2023-02-25,False,True,False,,,
1609,842111,2023-02-25,False,True,False,,,
1610,722540,2023-02-25,False,True,False,,,
1611,845530,2023-02-25,False,True,False,,,
1612,845620,2023-02-25,False,True,False,,,
1613,844319,2023-02-25,False,True,False,,,
1614,847730,2023-02-25,False,True,False,,,
1615,8463,2023-02-25,False,True,False,,,
1616,7610,2023-02-25,False,True,False,,,
1617,8464,2023-02-25,False,True,False,,,
1618,8486,2023-02-25,False,True,False,,,
1619,845949,2023-02-25,False,True,False,,,
1620,8487,2023-02-25,False,True,False,,,
1621,845941,2023-02-25,False,True,False,,,
1622,850120,2023-02-25,False,True,False,,,
1623,850131,2023-02-25,False,True,False,,,
1624,846596,2023-02-25,False,True,False,,,
1625,8462,2023-02-25,False,True,False,,,
1626,8483,2023-02-25,False,True,False,,,
1627,848230,2023-02-25,False,True,False,,,
1628,7308,2023-02-25,False,True,False,,,
1629,846694,2023-02-25,False,True,False,,,
1630,850153,2023-02-25,False,True,False,,,
1631,845640,2023-02-25,False,True,False,,,
1632,8468,2023-02-25,False,True,False,,,
1633,847431,2023-02-25,False,True,False,,,
1634,850212,2023-02-25,False,True,False,,,
1635,761210,2023-02-25,False,True,False,,,
1636,7310,2023-02-25,False,True,False,,,
1637,847982,2023-02-25,False,True,False,,,
1638,847981,2023-02-25,False,True,False,,,
1639,845921,2023-02-25,False,True,False,,,
1640,850211,2023-02-25,False,True,False,,,
1641,850213,2023-02-25,False,True,False,,,
1642,4705,2023-06-23,False,True,False,,,
1643,4012,2023-06-23,False,True,False,,,
1644,8402,2023-06-23,False,True,False,,,
1645,7224,2023-06-23,False,True,False,,,
1646,3908,2023-06-23,False,True,False,,,
1647,5910,2023-06-23,False,True,False,,,
1648,8309,2023-06-23,False,True,False,,,
1649,9024,2023-06-23,False,True,False,,,
1650,3906,2023-06-23,False,True,False,,,
1651,8307,2023-06-23,False,True,False,,,
1652,7225,2023-06-23,False,True,False,,,
1653,2508,2023-06-23,False,True,False,,,
1654,7409,2023-06-23,False,True,False,,,
1655,2512,2023-06-23,False,True,False,,,
1656,2509,2023-06-23,False,True,False,,,
1657,2814,2023-06-23,False,True,False,,,
1658,9015,2023-06-23,False,True,False,,,
1659,7905,2023-06-23,False,True,False,,,
1660,5506,2023-06-23,False,True,False,,,
1661,8903,2023-06-23,False,True,False,,,
1662,2839,2023-06-23,False,True,False,,,
1663,381800,2023-06-23,False,True,False,,,
1664,0601,2023-06-23,False,True,False,,,
1665,3819,2023-06-23,False,True,False,,,
1666,7309,2023-06-23,False,True,False,,,
1667,5501,2023-06-23,False,True,False,,,
1668,283340,2023-06-23,True,False,False,,,
1669,5502,2023-06-23,False,True,False,,,
1670,3820,2023-06-23,False,True,False,,,
1671,8410,2023-06-23,False,True,False,,,
1672,6003,2023-06-23,False,True,False,,,
1673,3826,2023-06-23,False,True,False,,,
1674,7408,2023-06-23,False,True,False,,,
1675,4706,2023-06-23,False,True,False,,,
1676,2828,2023-06-23,False,True,False,,,
1677,4407,2023-06-23,False,True,False,,,
1678,9007,2023-06-23,False,True,False,,,
1679,9606,2023-06-23,False,True,False,,,
1680,9010,2023-06-23,False,True,False,,,
1681,8406,2023-06-23,False,True,False,,,
1682,8405,2023-06-23,False,True,False,,,
1683,2820,2023-06-23,False,True,False,,,
1684,2515,2023-06-23,False,True,False,,,
1685,3905,2023-06-23,False,True,False,,,
1686,8404,2023-06-23,False,True,False,,,
1687,2819,2023-06-23,False,True,False,,,
1688,840310,2023-06-23,True,False,False,,,
1689,5503,2023-06-23,False,True,False,,,
1690,7407,2023-06-23,False,True,False,,,
1691,741021,2023-06-23,True,False,False,,,
1692,7226,2023-06-23,False,True,False,,,
1693,2806,2023-06-23,False,True,False,,,
1694,8109,2023-06-23,False,True,False,,,
1695,4701,2023-06-23,False,True,False,,,
1696,9031,2023-06-23,False,True,False,,,
1697,7612,2023-06-23,False,True,False,,,
1698,392190,2023-06-23,True,False,False,,,
1699,4504,2023-06-23,False,True,False,,,
1700,5516,2023-06-23,False,True,False,,,
1701,6309,2023-06-23,False,True,False,,,
1702,8102,2023-06-23,False,True,False,,,
1703,2804,2023-06-23,True,False,False,,,
1704,810199,2023-06-23,True,False,False,,,
1705,810197,2023-06-23,True,False,False,,,
1706,5507,2023-06-23,False,True,False,,,
1707,810194,2023-06-23,True,False,False,,,
1708,2715,2023-06-23,False,True,False,,,
1709,8007,2023-06-23,False,True,False,,,
1710,4503,2023-06-23,False,True,False,,,
1711,2712,2023-06-23,False,True,False,,,
1712,7613,2023-06-23,False,True,False,,,
1713,5604,2023-06-23,False,True,False,,,
1714,8003,2023-06-23,False,True,False,,,
1715,9303,2023-06-23,False,True,False,,,
1716,5605,2023-06-23,False,True,False,,,
1717,2710,2023-06-23,False,True,False,,,
1718,8001,2023-06-23,False,True,False,,,
1719,7804,2023-06-23,False,True,False,,,
1720,2708,2023-06-23,False,True,False,,,
1721,4002,2023-06-23,False,True,False,,,
1722,5908,2023-06-23,False,True,False,,,
1723,3817,2023-06-23,False,True,False,,,
1724,4005,2023-06-23,False,True,False,,,
1725,741011,2023-06-23,True,False,False,,,
1726,5905,2023-06-23,False,True,False,,,
1727,2521,2023-06-23,False,True,False,,,
1728,2522,2023-06-23,False,True,False,,,
1729,5901,2023-06-23,False,True,False,,,
1730,2525,2023-06-23,False,True,False,,,
1731,2526,2023-06-23,False,True,False,,,
1732,7505,2023-06-23,False,True,False,,,
1733,5803,2023-06-23,False,True,False,,,
1734,7506,2023-06-23,False,True,False,,,
1735,9406,2023-06-23,False,True,False,,,
1736,2701,2023-06-23,False,True,False,,,
1737,4704,2023-06-23,False,True,False,,,
1738,391990,2023-06-23,True,False,False,,,
1739,4010,2023-06-23,False,True,False,,,
1740,9029,2023-06-23,False,True,False,,,
1741,7507,2023-06-23,False,True,False,,,
1742,2703,2023-06-23,False,True,False,,,
1743,4412,2023-06-23,False,True,False,,,
1744,7228,2023-06-23,False,True,False,,,
1745,4703,2023-06-23,False,True,False,,,
1746,2704,2023-06-23,False,True,False,,,
1747,7508,2023-06-23,False,True,False,,,
1748,7605,2023-06-23,False,True,False,,,
1749,4416,2023-06-23,False,True,False,,,
1750,7611,2023-06-23,False,True,False,,,
1751,9304,2023-06-23,True,False,False,,,
1752,391910,2023-06-23,True,False,False,,,
1753,2702,2023-06-23,False,True,False,,,
1754,470610,2023-06-23,False,True,False,,,
1755,8705,2023-06-23,False,True,False,,,
1756,853641,2023-06-23,False,True,False,,,
1757,3214,2023-06-23,False,True,False,,,
1758,2911,2023-06-23,False,True,False,,,
1759,8448,2023-06-23,False,True,False,,,
1760,3201,2023-06-23,False,True,False,,,
1761,2912,2023-06-23,False,True,False,,,
1762,8444,2023-06-23,False,True,False,,,
1763,4906,2023-06-23,False,True,False,,,
1764,8466,2023-06-23,False,True,False,,,
1765,4808,2023-06-23,False,True,False,,,
1766,3403,2023-06-23,False,True,False,,,
1767,7210,2023-06-23,False,True,False,,,
1768,8538,2023-06-23,False,True,False,,,
1769,7207,2023-06-23,False,True,False,,,
1770,8540,2023-06-23,False,True,False,,,
1771,5211,2023-06-23,False,True,False,,,
1772,3702,2023-06-23,False,True,False,,,
1773,8429,2023-06-23,False,True,False,,,
1774,8471,2023-06-23,True,False,False,,,
1775,2904,2023-06-23,False,True,False,,,
1776,4809,2023-06-23,False,True,False,,,
1777,6901,2023-06-23,False,True,False,,,
1778,8473,2023-06-23,False,True,False,,,
1779,7211,2023-06-23,False,True,False,,,
1780,8426,2023-06-23,False,True,False,,,
1781,4804,2023-06-23,False,True,False,,,
1782,3705,2023-06-23,False,True,False,,,
1783,6905,2023-06-23,False,True,False,,,
1784,3210,2023-06-23,False,True,False,,,
1785,8535,2023-06-23,False,True,False,,,
1786,5105,2023-06-23,False,True,False,,,
1787,3202,2023-06-23,False,True,False,,,
1788,4807,2023-06-23,False,True,False,,,
1789,3203,2023-06-23,False,True,False,,,
1790,2909,2023-06-23,False,True,False,,,
1791,8526,2023-06-23,False,True,False,,,
1792,5107,2023-06-23,False,True,False,,,
1793,7002,2023-06-23,False,True,False,,,
1794,3205,2023-06-23,False,True,False,,,
1795,5106,2023-06-23,False,True,False,,,
1796,4806,2023-06-23,False,True,False,,,
1797,5112,2023-06-23,False,True,False,,,
1798,2907,2023-06-23,False,True,False,,,
1799,7003,2023-06-23,False,True,False,,,
1800,8530,2023-06-23,False,True,False,,,
1801,3207,2023-06-23,False,True,False,,,
1802,2906,2023-06-23,False,True,False,,,
1803,5205,2023-06-23,False,True,False,,,
1804,7004,2023-06-23,False,True,False,,,
1805,8454,2023-06-23,False,True,False,,,
1806,8453,2023-06-23,False,True,False,,,
1807,3208,2023-06-23,False,True,False,,,
1808,2910,2023-06-23,False,True,False,,,
1809,4805,2023-06-23,False,True,False,,,
1810,853340,2023-06-23,False,False,True,179.0,2023-06-23,2023-12-19
1811,3209,2023-06-23,False,True,False,,,
1812,8534,2023-06-23,False,True,False,,,
1813,7005,2023-06-23,False,True,False,,,
1814,3706,2023-06-23,False,True,False,,,
1815,8547,2023-06-23,False,True,False,,,
1816,3703,2023-06-23,False,True,False,,,
1817,8602,2023-06-23,False,True,False,,,
1818,870380,2023-06-23,False,True,False,,,
1819,8421,2023-06-23,True,False,False,,,
1820,8704,2023-06-23,True,False,False,,,
1821,8482,2023-06-23,False,True,False,,,
1822,3810,2023-06-23,False,True,False,,,
1823,2901,2023-06-23,False,True,False,,,
1824,4823,2023-06-23,False,True,False,,,
1825,3811,2023-06-23,False,True,False,,,
1826,7213,2023-06-23,False,True,False,,,
1827,8484,2023-06-23,False,True,False,,,
1828,4822,2023-06-23,False,True,False,,,
1829,6807,2023-06-23,False,True,False,,,
1830,2916,2023-06-23,False,True,False,,,
1831,870370,2023-06-23,False,True,False,,,
1832,3813,2023-06-23,False,True,False,,,
1833,2847,2023-06-23,False,True,False,,,
1834,8502,2023-06-23,False,True,False,,,
1835,7216,2023-06-23,False,True,False,,,
1836,3814,2023-06-23,False,True,False,,,
1837,8416,2023-06-23,False,True,False,,,
1838,3815,2023-06-23,False,True,False,,,
1839,4707,2023-06-23,False,True,False,,,
1840,6806,2023-06-23,False,True,False,,,
1841,8503,2023-06-23,False,True,False,,,
1842,7218,2023-06-23,False,True,False,,,
1843,5404,2023-06-23,False,True,False,,,
1844,2843,2023-06-23,False,True,False,,,
1845,8505,2023-06-23,False,True,False,,,
1846,5403,2023-06-23,False,True,False,,,
1847,870360,2023-06-23,False,True,False,,,
1848,870390,2023-06-23,False,True,False,,,
1849,870350,2023-06-23,False,True,False,,,
1850,7212,2023-06-23,False,True,False,,,
1851,5308,2023-06-23,False,True,False,,,
1852,8604,2023-06-23,False,True,False,,,
1853,2903,2023-06-23,False,True,False,,,
1854,842010,2023-06-23,True,False,False,,,
1855,8606,2023-06-23,False,True,False,,,
1856,3807,2023-06-23,False,True,False,,,
1857,6813,2023-06-23,False,True,False,,,
1858,3809,2023-06-23,False,True,False,,,
1859,6811,2023-06-23,False,True,False,,,
1860,8475,2023-06-23,False,True,False,,,
1861,2902,2023-06-23,False,True,False,,,
1862,8477,2023-06-23,False,True,False,,,
1863,8525,2023-06-23,False,True,False,,,
1864,870340,2023-06-23,False,True,False,,,
1865,870333,2023-06-23,True,False,False,,,
1866,870323,2023-06-23,True,False,False,,,
1867,870324,2023-06-23,True,False,False,,,
1868,870332,2023-06-23,True,False,False,,,
1869,8514,2023-06-23,True,False,False,,,
1870,4810,2023-06-23,False,True,False,,,
1871,8467,2023-12-18,False,True,False,,,
1872,7306,2023-12-18,False,True,False,,,
1873,7606,2023-12-18,False,True,False,,,
1874,8480,2023-12-18,False,True,False,,,
1875,8474,2023-12-18,False,True,False,,,
1876,8506,2023-12-18,False,True,False,,,
1877,7411,2023-12-18,False,True,False,,,
1878,401180,2023-12-18,False,True,False,,,
1879,8507,2023-12-18,False,True,False,,,
1880,8515,2023-12-18,False,True,False,,,
1881,8465,2023-12-18,False,True,False,,,
1882,7413,2023-12-18,False,True,False,,,
1883,7307,2023-12-18,False,True,False,,,
1884,7412,2023-12-18,False,True,False,,,
1885,8485,2023-12-18,False,True,False,,,
1886,3816,2023-12-18,False,True,False,,,
1887,7609,2023-12-18,False,True,False,,,
1888,8904,2023-12-18,False,True,False,,,
1889,8905,2023-12-18,False,True,False,,,
1890,8413,2023-12-18,False,True,False,,,
1891,8417,2023-12-18,False,True,False,,,
1892,8412,2023-12-18,False,True,False,,,
1893,3812,2023-12-18,False,True,False,,,
1894,9013,2023-12-18,False,True,False,,,
1895,2825,2023-12-18,False,True,False,,,
1896,7608,2023-12-18,False,True,False,,,
1897,9027,2023-12-18,False,True,False,,,
1898,3910,2023-12-18,False,True,False,,,
1899,3912,2023-12-18,False,True,False,,,
1900,8430,2023-12-18,False,True,False,,,
1901,3917,2023-12-18,False,True,False,,,
1902,8207,2023-12-18,False,True,False,,,
1903,7301,2023-12-18,False,True,False,,,
1904,7302,2023-12-18,False,True,False,,,
1905,7303,2023-12-18,False,True,False,,,
1906,8461,2023-12-18,False,True,False,,,
1907,7305,2023-12-18,False,True,False,,,
1908,7304,2023-12-18,False,True,False,,,
1909,72,2023-12-18,False,True,False,,,
1910,9030,2023-12-18,False,True,False,,,
1911,284169,2023-12-19,True,False,False,,,
1912,540720,2023-12-19,True,False,False,,,
1913,283691,2023-12-19,True,False,False,,,
1914,283529,2023-12-19,True,False,False,,,
1915,850132,2023-12-19,False,True,False,,,
1916,845611,2023-12-19,False,True,False,,,
1917,853321,2023-12-19,False,True,False,,,
1918,540269,2023-12-19,True,False,False,,,
1919,390120,2023-12-19,True,False,False,,,
1920,282520,2023-12-19,False,True,False,,,
1921,903210,2023-12-19,False,True,False,,,
1922,540259,2023-12-19,True,False,False,,,
1923,540249,2023-12-19,True,False,False,,,
1924,540239,2023-12-19,True,False,False,,,
1925,820559,2023-12-19,True,False,False,,,
1926,280519,2023-12-19,True,False,False,,,
1927,284190,2023-12-19,True,False,False,,,
1928,853649,2023-12-19,False,True,False,,,
1929,282990,2023-12-19,False,True,False,,,
1930,850431,2023-12-19,False,True,False,,,
1931,8504,2024-02-23,False,True,False,,,
1932,853222,2024-02-24,False,True,False,,,
